customer_id,first_name,last_name,gender,date_of_birth,age,city,segment,account_open_date,credit_score,annual_income,is_active
CUST0001,Emma,Reddy,Male,1964-12-27,60,Chennai,Premium,2015-04-13,404,344815.75,1
CUST0002,Aarav,Singh,Male,1992-11-07,32,Chennai,Retail,2015-05-11,503,363689.41,0
CUST0003,Matthew,Reddy,Male,1974-10-11,50,Phoenix,Premium,2020-01-14,732,183320.25,1
CUST0004,James,Kumar,Male,1974-04-26,50,Kolkata,Retail,2023-07-25,667,426797.3,1
CUST0005,David,Davis,Male,1958-11-24,66,San Antonio,SME,2023-03-08,380,284979.5,1
CUST0006,Rohan,Patel,Male,1972-04-01,52,Phoenix,HNI,2022-11-25,381,430552.51,1
CUST0007,David,Anderson,Female,1989-02-06,35,Bangalore,HNI,2018-02-12,663,120563.37,1
CUST0008,Liam,Shah,Male,1961-05-28,63,Bangalore,SME,2021-10-31,688,149574.96,1
CUST0009,William,Patel,Male,1984-02-04,40,Philadelphia,Retail,2023-08-14,623,212559.1,1
CUST0010,Lucas,Jackson,Female,1973-12-05,51,Chennai,SME,2021-05-12,705,444647.91,0
CUST0011,Vikram,Joshi,Female,1967-10-26,57,Houston,SME,2017-12-20,708,193758.29,1
CUST0012,Rohan,Harris,Male,2000-09-17,24,Philadelphia,Retail,2020-07-14,456,321174.1,0
CUST0013,Michael,Taylor,Female,1960-09-12,64,New York,HNI,2019-04-26,311,346536.04,1
CUST0014,Liam,Smith,Male,1978-12-09,46,Hyderabad,SME,2023-08-15,461,237787.38,1
CUST0015,Ananya,Miller,Male,1999-11-29,25,Philadelphia,HNI,2023-07-18,819,312305.7,1
CUST0016,Ananya,Davis,Male,1988-07-18,36,Los Angeles,HNI,2023-07-21,800,29348.84,1
CUST0017,Priya,Joshi,Male,1982-08-03,42,Delhi,SME,2017-09-07,370,489432.56,1
CUST0018,Jessica,Davis,Male,1966-07-09,58,Hyderabad,SME,2022-05-26,516,465878.48,1
CUST0019,Olivia,Anderson,Female,1982-12-19,42,Ahmedabad,SME,2019-06-23,423,138994.69,1
CUST0020,Matthew,Davis,Male,1985-05-01,39,Los Angeles,Premium,2015-03-28,307,54076.68,1
CUST0021,Lucas,Patel,Female,1975-07-16,49,Delhi,Premium,2015-10-04,585,341109.33,1
CUST0022,Isabella,Robinson,Female,1966-11-14,58,Chennai,SME,2023-02-10,716,111396.76,1
CUST0023,Emily,Brown,Female,1993-09-02,31,Philadelphia,Retail,2018-12-22,400,49094.08,1
CUST0024,Karan,Gupta,Female,1964-10-20,60,Bangalore,SME,2017-10-15,487,153701.67,1
CUST0025,Ava,Martinez,Male,1961-10-06,63,Mumbai,Retail,2019-12-21,395,464656.15,1
CUST0026,Jessica,Garcia,Male,1969-12-02,55,Philadelphia,SME,2019-07-23,360,99025.82,1
CUST0027,Isabella,Martin,Female,1990-01-10,35,Hyderabad,SME,2017-12-22,798,94302.48,1
CUST0028,Matthew,White,Male,1974-07-13,50,Houston,HNI,2015-08-28,358,44068.32,0
CUST0029,Ananya,Patel,Male,2000-02-11,24,Philadelphia,Premium,2020-12-15,370,305616.85,1
CUST0030,Lucas,Wilson,Male,1991-03-23,33,Los Angeles,Retail,2016-05-06,383,221227.96,1
CUST0031,Olivia,Jackson,Female,1978-05-24,46,Chennai,HNI,2017-04-16,705,82821.58,1
CUST0032,Isabella,Harris,Male,1996-01-08,29,Mumbai,SME,2018-07-19,402,55165.15,1
CUST0033,Vikram,Clark,Female,2000-05-20,24,San Antonio,Retail,2017-12-22,550,197373.0,1
CUST0034,Ashley,Jackson,Female,1994-04-24,30,Los Angeles,Retail,2024-05-08,606,467242.9,1
CUST0035,Sneha,Robinson,Male,1967-01-18,57,Houston,Premium,2017-12-19,578,155243.01,1
CUST0036,Olivia,Anderson,Female,1985-10-05,39,New York,SME,2017-04-13,557,454561.52,1
CUST0037,Emily,Thompson,Female,1963-04-13,61,Mumbai,Retail,2022-02-11,641,390137.23,1
CUST0038,David,Davis,Female,1969-06-30,55,New York,Retail,2023-04-25,414,56117.05,1
CUST0039,Sarah,Wilson,Male,1958-03-26,66,Kolkata,Premium,2024-05-11,342,167964.01,1
CUST0040,Olivia,Joshi,Male,1987-02-06,37,Pune,SME,2017-05-10,458,464366.63,1
CUST0041,Ava,Shah,Female,1969-07-30,55,Mumbai,Premium,2023-12-21,640,395545.52,0
CUST0042,Ananya,Martin,Male,1977-04-06,47,Kolkata,Retail,2017-12-28,781,126768.18,0
CUST0043,Benjamin,Martin,Male,1986-05-15,38,Chennai,Retail,2018-06-04,497,211263.67,1
CUST0044,Arjun,Johnson,Female,1961-03-24,63,Chicago,HNI,2023-09-03,328,75364.04,1
CUST0045,Arjun,Patel,Male,1971-01-08,54,Los Angeles,SME,2021-07-06,653,369701.63,1
CUST0046,Daniel,Kumar,Female,1994-02-24,30,San Antonio,Premium,2021-10-19,560,41305.54,0
CUST0047,Isabella,Martin,Male,1955-02-25,69,Pune,SME,2020-10-30,371,475459.75,1
CUST0048,Sophia,Kumar,Female,1983-03-01,41,New York,HNI,2022-06-10,718,176567.79,1
CUST0049,Emily,Thomas,Female,1966-06-02,58,Chicago,Premium,2017-02-24,608,214916.08,1
CUST0050,Karan,Brown,Female,1982-04-06,42,Ahmedabad,SME,2018-03-21,752,344301.07,0
CUST0051,Rohan,Nair,Female,1970-03-23,54,Delhi,Premium,2022-05-22,617,127827.52,1
CUST0052,Priya,Joshi,Female,1968-03-21,56,Los Angeles,Retail,2015-04-11,766,218931.69,1
CUST0053,Michael,Joshi,Male,1989-06-13,35,Chicago,Retail,2020-07-17,409,393641.8,1
CUST0054,Noah,Miller,Female,1970-10-12,54,Mumbai,Premium,2024-01-07,424,239101.68,0
CUST0055,Lucas,Jones,Female,1983-06-20,41,Philadelphia,SME,2023-06-21,462,376954.61,0
CUST0056,William,Joshi,Female,1995-05-18,29,Phoenix,SME,2017-11-27,544,151806.77,1
CUST0057,Arjun,Smith,Female,1980-08-19,44,San Antonio,Retail,2017-08-18,441,92398.72,0
CUST0058,Karan,Singh,Female,1968-09-16,56,Kolkata,HNI,2022-12-03,777,219571.63,1
CUST0059,Lucas,Harris,Male,1992-09-10,32,Philadelphia,SME,2019-05-15,788,22830.12,1
CUST0060,Michael,Martinez,Female,1981-10-15,43,New York,Premium,2023-06-14,799,125322.38,0
CUST0061,Michael,Smith,Female,1998-07-27,26,Houston,Premium,2015-04-29,778,461379.98,1
CUST0062,Matthew,Thomas,Male,1990-05-08,34,Delhi,SME,2021-08-21,438,436088.65,1
CUST0063,Michael,Smith,Male,1959-07-06,65,Ahmedabad,HNI,2017-12-01,645,385390.26,0
CUST0064,Benjamin,Brown,Female,1979-12-18,45,Philadelphia,Retail,2023-06-08,781,29303.98,1
CUST0065,Liam,Singh,Male,1986-05-25,38,Phoenix,Retail,2017-07-07,553,115693.13,1
CUST0066,Vikram,Garcia,Male,1968-09-02,56,Los Angeles,Premium,2017-09-04,776,355743.19,1
CUST0067,Amanda,White,Male,1970-01-20,54,Phoenix,Premium,2021-10-17,618,71887.4,1
CUST0068,Olivia,Clark,Female,1982-12-27,42,Kolkata,Premium,2021-06-16,377,304206.97,1
CUST0069,William,Nair,Male,1964-02-22,60,Phoenix,Retail,2022-10-26,655,275717.72,1
CUST0070,Liam,Smith,Male,1961-03-09,63,Philadelphia,SME,2020-09-03,801,70658.66,1
CUST0071,Vikram,Brown,Male,1996-03-30,28,Houston,HNI,2022-12-07,795,243139.41,1
CUST0072,Benjamin,Clark,Male,1983-12-01,41,Hyderabad,SME,2017-10-02,549,380228.62,0
CUST0073,Jessica,Martinez,Female,1985-03-07,39,Bangalore,SME,2015-04-28,517,190315.98,1
CUST0074,Lucas,Taylor,Female,1985-07-14,39,New York,Retail,2018-02-19,829,475070.04,1
CUST0075,Emily,Garcia,Male,1976-08-26,48,Houston,SME,2023-01-28,802,235123.78,1
CUST0076,Meera,Williams,Male,1963-05-08,61,Hyderabad,HNI,2018-04-20,784,285667.02,1
CUST0077,Ashley,Smith,Female,1993-03-04,31,Houston,SME,2023-05-14,577,167179.04,1
CUST0078,Karan,Smith,Male,1965-10-28,59,Houston,Premium,2023-02-02,496,123864.63,0
CUST0079,Matthew,Harris,Female,1979-10-22,45,Delhi,Premium,2023-02-15,603,129191.92,1
CUST0080,Noah,Davis,Male,1982-02-12,42,Hyderabad,Retail,2015-02-27,355,285612.3,1
CUST0081,Sophia,Sharma,Female,1999-01-15,25,Ahmedabad,SME,2016-02-25,751,183538.85,1
CUST0082,Sneha,Thompson,Male,1977-08-26,47,Kolkata,SME,2020-05-10,375,296970.16,1
CUST0083,Ava,Wilson,Female,1968-08-11,56,Delhi,Premium,2016-09-03,421,287875.06,0
CUST0084,Daniel,Williams,Female,1975-04-01,49,San Antonio,SME,2023-09-13,604,432880.0,0
CUST0085,Amanda,Patel,Male,1982-05-25,42,Phoenix,Premium,2021-05-18,516,147030.14,1
CUST0086,Ananya,Davis,Male,1969-02-02,55,Bangalore,Retail,2017-09-09,718,236241.78,0
CUST0087,Meera,Nair,Female,1981-02-16,43,Houston,SME,2015-05-14,372,349944.76,1
CUST0088,Sneha,Davis,Male,1972-09-30,52,Chicago,Premium,2019-10-08,572,416782.96,1
CUST0089,Ava,Nair,Female,1960-05-08,64,Ahmedabad,Retail,2016-11-10,779,350565.44,0
CUST0090,Ashley,Garcia,Female,1979-06-04,45,Delhi,Retail,2020-08-11,742,372576.28,1
CUST0091,Meera,Thomas,Male,1957-04-27,67,Phoenix,HNI,2016-01-10,341,386292.32,1
CUST0092,Liam,Jones,Female,1997-03-18,27,Bangalore,SME,2020-10-26,803,485146.51,0
CUST0093,James,Smith,Male,1986-03-20,38,Philadelphia,Premium,2019-07-31,637,217589.64,0
CUST0094,Michael,Thompson,Male,1980-11-09,44,Ahmedabad,Retail,2022-06-06,622,141151.45,1
CUST0095,Benjamin,Sharma,Female,1991-04-06,33,Kolkata,Retail,2020-10-08,492,268850.91,0
CUST0096,Priya,Gupta,Female,1994-08-28,30,New York,Premium,2023-07-10,594,230295.73,0
CUST0097,Liam,Taylor,Male,1965-11-22,59,Houston,Premium,2015-04-29,618,284402.72,0
CUST0098,Benjamin,Clark,Male,1963-05-13,61,Ahmedabad,Retail,2017-07-09,457,259220.24,1
CUST0099,Arjun,Brown,Female,2000-08-26,24,Ahmedabad,Premium,2022-11-29,767,284607.24,0
CUST0100,Daniel,White,Male,1972-02-06,52,Philadelphia,Retail,2021-09-21,582,390884.06,0
CUST0101,Daniel,Reddy,Male,1985-06-29,39,Hyderabad,HNI,2023-11-01,801,435325.09,0
CUST0102,James,Davis,Female,1998-06-14,26,Ahmedabad,HNI,2018-11-14,493,490771.82,1
CUST0103,Sophia,Harris,Female,1989-05-11,35,Mumbai,HNI,2017-08-14,784,358509.38,0
CUST0104,Ava,Thompson,Male,1989-08-21,35,Ahmedabad,Retail,2022-06-11,429,261099.75,1
CUST0105,Sneha,Miller,Female,1964-01-02,61,Mumbai,Premium,2019-12-09,719,438047.83,1
CUST0106,Ava,Reddy,Female,1961-09-17,63,Los Angeles,SME,2020-04-07,382,428847.34,0
CUST0107,Noah,Robinson,Female,1983-05-30,41,Philadelphia,Retail,2022-01-11,370,132689.72,1
CUST0108,Rohan,Brown,Male,1975-05-30,49,Phoenix,Retail,2023-05-17,754,99855.1,1
CUST0109,James,Martin,Male,1957-08-06,67,Hyderabad,HNI,2015-07-08,683,226729.66,1
CUST0110,Olivia,Martin,Male,1991-12-20,33,Bangalore,Premium,2021-05-07,380,312556.06,0
CUST0111,Isabella,Wilson,Male,1976-08-09,48,Chennai,SME,2020-07-31,560,240593.84,1
CUST0112,Olivia,Davis,Male,1996-09-27,28,Delhi,SME,2018-03-24,653,494072.81,1
CUST0113,Arjun,Jones,Female,1993-01-24,31,Chennai,SME,2022-09-28,794,71193.57,0
CUST0114,Divya,Jackson,Female,1987-03-16,37,Mumbai,SME,2021-06-12,581,23887.02,1
CUST0115,Lucas,Robinson,Female,1999-07-25,25,Phoenix,Premium,2024-05-04,660,125122.18,1
CUST0116,William,White,Male,1977-06-26,47,Chicago,Retail,2022-08-08,340,168287.78,0
CUST0117,Sarah,White,Male,1957-12-29,67,Delhi,HNI,2021-07-01,634,378790.82,1
CUST0118,Ava,Davis,Female,1973-01-05,52,New York,HNI,2016-06-25,468,143345.64,0
CUST0119,Sophia,Smith,Male,1981-06-24,43,Ahmedabad,Retail,2023-05-16,444,381992.72,1
CUST0120,Ashley,Johnson,Male,1990-08-27,34,Phoenix,SME,2024-01-09,314,146940.12,1
CUST0121,Olivia,White,Female,1995-10-20,29,Los Angeles,SME,2019-02-18,680,72006.13,1
CUST0122,Amanda,Robinson,Female,1997-04-19,27,San Antonio,Premium,2015-04-13,364,324993.88,0
CUST0123,Emily,Kumar,Male,1982-02-10,42,Mumbai,Retail,2022-04-13,611,498045.14,1
CUST0124,Lucas,Davis,Male,1963-09-20,61,Kolkata,SME,2017-08-19,679,341833.39,0
CUST0125,Liam,Kumar,Female,1968-11-11,56,Los Angeles,SME,2019-08-27,586,35703.82,1
CUST0126,David,Joshi,Female,1974-06-29,50,Delhi,HNI,2019-12-22,667,49064.04,1
CUST0127,Sophia,Thompson,Female,1972-01-11,53,Delhi,Premium,2016-05-15,321,44277.69,1
CUST0128,Ava,Wilson,Male,1976-11-07,48,Delhi,Premium,2016-05-30,521,410265.43,1
CUST0129,Vikram,Martin,Male,1984-06-23,40,Hyderabad,Premium,2023-09-07,433,279303.42,1
CUST0130,Sophia,Sharma,Male,1964-11-11,60,Mumbai,HNI,2022-05-31,543,302649.4,1
CUST0131,Priya,Mehta,Female,1970-08-19,54,New York,Retail,2017-12-22,365,248598.06,1
CUST0132,Daniel,Joshi,Male,1964-10-13,60,Houston,HNI,2020-01-26,769,328803.53,1
CUST0133,Sophia,Williams,Female,1960-06-16,64,Chicago,Retail,2020-05-15,802,361952.63,0
CUST0134,James,Taylor,Male,1961-08-05,63,Delhi,Premium,2015-11-27,581,319672.4,1
CUST0135,Daniel,Nair,Female,1989-03-04,35,New York,SME,2021-09-12,401,400686.12,1
CUST0136,David,Robinson,Male,1974-04-16,50,Kolkata,HNI,2019-10-28,764,211390.49,1
CUST0137,James,Thomas,Female,1983-01-15,41,Pune,Premium,2019-10-15,785,52223.99,1
CUST0138,Sneha,White,Female,1963-05-13,61,Phoenix,Premium,2019-11-04,361,301503.24,1
CUST0139,Sarah,Martinez,Female,1965-12-19,59,Philadelphia,Retail,2019-08-10,594,308196.84,1
CUST0140,Daniel,Gupta,Male,1964-04-17,60,Chicago,SME,2021-06-25,529,426691.93,1
CUST0141,William,Reddy,Male,1987-12-23,37,Phoenix,SME,2016-04-15,326,312317.56,1
CUST0142,Arjun,Jackson,Female,1957-08-06,67,San Antonio,HNI,2017-01-08,659,22930.78,1
CUST0143,Vikram,White,Male,1990-12-15,34,Delhi,Premium,2015-10-13,685,221519.6,1
CUST0144,Divya,White,Female,1969-02-13,55,Phoenix,Retail,2019-02-24,353,94678.35,1
CUST0145,David,Thomas,Female,1962-04-27,62,Ahmedabad,SME,2018-01-19,724,151120.09,1
CUST0146,Sneha,Nair,Female,1985-12-19,39,New York,HNI,2019-10-27,346,125848.85,1
CUST0147,Divya,Gupta,Male,1955-09-09,69,Phoenix,HNI,2017-04-17,596,177498.73,1
CUST0148,Emily,Shah,Male,1999-08-16,25,Kolkata,Premium,2023-05-18,812,288187.31,1
CUST0149,Sophia,White,Male,1961-06-19,63,Kolkata,Retail,2019-06-15,770,462157.97,1
CUST0150,Michael,Jackson,Female,1993-07-06,31,Hyderabad,Retail,2021-06-06,714,30011.15,1
CUST0151,Amanda,Jones,Female,1970-06-02,54,Delhi,SME,2023-12-27,408,136791.91,0
CUST0152,Sophia,Nair,Female,1962-01-21,62,Chennai,HNI,2019-06-10,472,56662.1,1
CUST0153,Lucas,Harris,Female,2000-10-01,24,Pune,Premium,2017-03-05,541,69346.17,1
CUST0154,Amanda,Mehta,Male,1972-09-12,52,Bangalore,SME,2016-12-11,775,382134.0,0
CUST0155,James,Mehta,Female,1983-12-30,41,Delhi,SME,2022-01-13,752,323064.86,1
CUST0156,Daniel,Singh,Female,1960-01-15,65,Ahmedabad,SME,2018-12-12,338,47307.22,1
CUST0157,Sophia,Martinez,Male,1961-11-19,63,Los Angeles,SME,2022-03-25,773,298558.12,1
CUST0158,Matthew,Anderson,Male,1995-05-07,29,Pune,SME,2024-01-31,813,92413.32,1
CUST0159,Ava,Robinson,Female,1995-06-02,29,Houston,Retail,2016-02-28,816,330141.0,1
CUST0160,David,Jones,Male,1977-03-24,47,Pune,HNI,2022-12-08,589,205959.95,1
CUST0161,Liam,Anderson,Female,1959-09-12,65,Delhi,HNI,2023-11-07,396,287822.34,0
CUST0162,Emma,Martinez,Male,1980-06-28,44,Pune,Retail,2017-10-29,444,460038.3,1
CUST0163,Amanda,Jackson,Male,1990-03-01,34,Hyderabad,SME,2016-06-12,636,410328.7,1
CUST0164,Sarah,Sharma,Female,1992-12-26,32,Hyderabad,Premium,2020-09-13,519,184031.53,0
CUST0165,Vikram,Mehta,Male,1972-03-23,52,Hyderabad,Retail,2017-07-16,819,390019.87,1
CUST0166,Amanda,Mehta,Female,1985-03-19,39,Bangalore,Premium,2023-08-05,485,419045.63,1
CUST0167,Emily,Johnson,Male,1994-04-07,30,Ahmedabad,HNI,2015-06-28,759,132321.41,1
CUST0168,Ava,Garcia,Male,1982-10-06,42,Pune,SME,2024-01-26,772,389330.5,0
CUST0169,Emily,Shah,Male,2000-02-13,24,Phoenix,Premium,2020-11-30,556,45046.31,0
CUST0170,Isabella,Kumar,Male,1988-04-20,36,Hyderabad,Retail,2021-03-21,464,150939.82,1
CUST0171,Isabella,Joshi,Female,1994-04-01,30,San Antonio,HNI,2016-01-11,327,219150.51,0
CUST0172,Meera,Williams,Male,2000-01-14,24,Pune,Premium,2019-03-12,328,172968.74,1
CUST0173,Vikram,Mehta,Male,1985-01-29,39,Hyderabad,SME,2023-11-16,442,384243.75,0
CUST0174,Aarav,Robinson,Male,1995-03-31,29,Mumbai,HNI,2021-11-25,520,420782.29,0
CUST0175,Divya,Joshi,Female,1964-12-22,60,Delhi,Retail,2023-09-15,544,221516.26,0
CUST0176,Benjamin,Robinson,Female,1960-08-20,64,Los Angeles,Retail,2016-03-30,827,296022.78,1
CUST0177,Aarav,Taylor,Female,1981-02-17,43,Chennai,SME,2019-10-25,491,338898.22,1
CUST0178,Daniel,Davis,Male,1987-05-09,37,Kolkata,SME,2015-10-05,344,325121.98,1
CUST0179,Aarav,Johnson,Male,1977-10-03,47,Pune,Premium,2023-05-20,406,390320.66,1
CUST0180,Sarah,Davis,Female,1966-12-20,58,Philadelphia,Premium,2015-07-01,775,490793.21,0
CUST0181,Vikram,Singh,Female,1971-05-09,53,Mumbai,HNI,2024-02-06,506,41027.01,1
CUST0182,Isabella,Nair,Female,1958-10-05,66,Philadelphia,SME,2018-07-16,559,37577.97,1
CUST0183,Sophia,Harris,Male,1980-09-01,44,Philadelphia,HNI,2019-01-02,579,79748.0,1
CUST0184,Emma,Jones,Female,1994-03-15,30,Pune,Premium,2019-06-27,808,352192.88,1
CUST0185,Rohan,White,Female,1978-12-05,46,Delhi,SME,2023-12-26,484,281827.71,1
CUST0186,James,Thomas,Female,1964-03-15,60,Hyderabad,SME,2015-11-24,736,99989.49,0
CUST0187,Priya,White,Female,1986-07-16,38,Los Angeles,SME,2020-01-06,581,326945.27,1
CUST0188,Liam,Williams,Female,1961-09-24,63,New York,Premium,2022-07-12,331,88534.14,0
CUST0189,Rohan,Joshi,Female,1958-02-14,66,Pune,SME,2016-06-01,333,310445.52,0
CUST0190,David,Harris,Male,1988-04-12,36,Los Angeles,Premium,2019-03-04,842,196135.98,1
CUST0191,Sneha,Sharma,Male,1980-01-02,45,Ahmedabad,SME,2017-10-19,420,145652.8,1
CUST0192,Amanda,Nair,Female,1995-01-14,29,Chennai,Retail,2017-05-28,438,429356.62,0
CUST0193,David,Singh,Female,1970-06-28,54,Chicago,HNI,2022-12-31,366,283998.63,1
CUST0194,Noah,Jackson,Male,1981-11-28,43,Phoenix,HNI,2016-10-07,820,127635.98,1
CUST0195,Ava,Garcia,Male,1967-06-17,57,Pune,HNI,2017-08-27,778,405757.63,1
CUST0196,Divya,Williams,Female,1962-09-26,62,New York,SME,2015-09-27,719,415202.91,1
CUST0197,Liam,Singh,Female,1966-03-30,58,Ahmedabad,HNI,2018-07-22,431,441420.87,1
CUST0198,Daniel,Clark,Male,1966-07-30,58,Philadelphia,Retail,2019-11-08,830,93447.42,1
CUST0199,Isabella,Jackson,Male,1969-07-13,55,Pune,HNI,2018-08-14,380,140290.55,1
CUST0200,Divya,Taylor,Male,1966-03-25,58,New York,Premium,2022-01-04,457,102176.3,1
CUST0201,Sophia,Sharma,Male,1958-09-11,66,Mumbai,HNI,2024-04-03,515,388140.32,0
CUST0202,Lucas,Anderson,Female,1957-09-19,67,Chicago,HNI,2020-08-01,794,137541.4,0
CUST0203,Rohan,Jackson,Male,1981-09-07,43,Bangalore,SME,2020-02-01,725,252440.54,1
CUST0204,Vikram,Smith,Female,1985-07-09,39,Houston,HNI,2021-10-20,708,82767.75,1
CUST0205,Meera,Jones,Male,1964-07-11,60,Hyderabad,SME,2018-07-31,553,87621.26,1
CUST0206,Sophia,Taylor,Female,1981-01-13,43,Chennai,Premium,2019-04-23,635,468200.74,1
CUST0207,Ananya,Garcia,Female,1972-01-12,53,Ahmedabad,HNI,2023-07-23,809,31124.62,0
CUST0208,Meera,Gupta,Female,2000-05-06,24,Mumbai,Retail,2020-02-16,588,257549.22,0
CUST0209,Aarav,Martinez,Male,1980-08-20,44,Kolkata,Premium,2021-01-07,570,369203.87,0
CUST0210,Michael,Patel,Male,1987-10-31,37,Pune,HNI,2015-07-05,375,205447.44,0
CUST0211,Amanda,Thomas,Male,1980-02-04,44,Bangalore,Retail,2024-04-03,703,199135.2,1
CUST0212,Vikram,Gupta,Female,1987-10-20,37,New York,Retail,2023-06-20,346,38678.7,1
CUST0213,David,Mehta,Male,1997-07-02,27,Pune,HNI,2020-10-28,466,208618.2,1
CUST0214,Benjamin,Miller,Female,1985-03-06,39,Houston,HNI,2020-09-08,786,411559.44,1
CUST0215,Sneha,Brown,Female,1984-09-19,40,Phoenix,Retail,2022-07-22,785,147454.61,1
CUST0216,Jessica,Shah,Female,1959-08-10,65,Bangalore,Premium,2021-07-18,332,294833.73,1
CUST0217,David,Smith,Female,1972-02-12,52,Bangalore,SME,2015-03-19,508,216981.16,0
CUST0218,Vikram,Miller,Male,1960-08-02,64,New York,HNI,2022-11-30,789,272229.03,1
CUST0219,Isabella,Davis,Female,1970-07-15,54,New York,HNI,2020-02-26,570,312836.76,1
CUST0220,Ashley,Nair,Male,1977-02-11,47,Hyderabad,HNI,2018-02-16,512,351315.16,0
CUST0221,Sarah,Davis,Female,1983-06-11,41,Hyderabad,Retail,2020-05-19,688,449965.02,0
CUST0222,Ava,Mehta,Female,1985-12-18,39,Mumbai,HNI,2023-09-02,380,186254.49,0
CUST0223,Jessica,Gupta,Male,1978-01-03,47,Philadelphia,HNI,2023-05-20,578,85891.02,1
CUST0224,Olivia,Robinson,Male,1976-10-01,48,Chicago,Premium,2015-07-27,353,68095.02,1
CUST0225,Olivia,Harris,Male,1997-05-19,27,Mumbai,Premium,2016-02-16,716,333388.54,0
CUST0226,Karan,Harris,Female,1997-11-01,27,Pune,HNI,2022-04-18,360,455809.74,1
CUST0227,Emma,White,Male,1975-11-01,49,San Antonio,Premium,2020-12-31,727,443477.59,1
CUST0228,Michael,Martin,Female,1958-04-05,66,Bangalore,HNI,2024-05-18,338,24448.24,1
CUST0229,David,Anderson,Female,1985-01-21,39,San Antonio,Premium,2018-03-11,816,244649.97,1
CUST0230,Ananya,White,Female,1965-02-08,59,Chicago,HNI,2018-09-16,490,26760.41,1
CUST0231,Olivia,Harris,Male,1981-06-20,43,Bangalore,SME,2021-05-14,737,267334.72,1
CUST0232,Sneha,Shah,Male,1990-12-17,34,Ahmedabad,HNI,2022-07-04,554,23278.46,0
CUST0233,William,Reddy,Female,1976-02-17,48,Hyderabad,Retail,2020-01-04,567,333768.02,1
CUST0234,Sneha,Jones,Female,1960-07-28,64,Bangalore,SME,2022-06-28,814,463090.89,1
CUST0235,Isabella,Nair,Female,1965-07-14,59,Los Angeles,Premium,2022-03-01,524,479533.06,0
CUST0236,Emma,Taylor,Female,1968-09-28,56,Kolkata,SME,2020-02-07,850,404957.6,1
CUST0237,William,Taylor,Male,1977-03-14,47,New York,SME,2022-08-18,840,357807.74,1
CUST0238,Benjamin,Davis,Male,1965-01-24,59,Los Angeles,Premium,2015-09-10,468,177496.47,0
CUST0239,Karan,Jackson,Female,1965-06-05,59,Delhi,SME,2022-08-18,356,237647.5,0
CUST0240,Priya,Davis,Female,1995-12-25,29,Chicago,HNI,2021-04-28,322,210055.38,1
CUST0241,Rohan,Patel,Female,1974-07-20,50,Pune,Retail,2021-06-26,361,468599.74,1
CUST0242,Divya,Brown,Male,1997-05-08,27,Phoenix,Premium,2015-05-10,730,199741.24,0
CUST0243,Michael,Singh,Male,1995-03-29,29,Chicago,HNI,2019-03-27,421,105667.34,0
CUST0244,Meera,Thompson,Male,1966-06-04,58,Phoenix,Retail,2023-03-01,605,242241.87,0
CUST0245,Meera,Joshi,Female,1989-01-10,36,Pune,Premium,2024-03-26,582,110470.62,1
CUST0246,Olivia,Brown,Male,1957-11-21,67,Chennai,Premium,2024-01-29,368,68430.42,1
CUST0247,Olivia,Jackson,Male,1995-01-19,29,Chennai,Retail,2021-09-14,711,230702.15,1
CUST0248,Daniel,Nair,Male,1960-01-24,64,Philadelphia,HNI,2016-07-27,628,133713.94,1
CUST0249,Divya,Reddy,Male,1974-10-31,50,New York,Premium,2019-08-21,737,286808.32,1
CUST0250,Olivia,Williams,Female,1985-11-24,39,Houston,SME,2022-03-20,718,91624.45,0
CUST0251,Ashley,Garcia,Male,1971-07-01,53,Philadelphia,Premium,2023-06-18,607,431619.79,1
CUST0252,Ashley,Brown,Female,1996-07-16,28,New York,Premium,2015-08-25,697,136572.09,1
CUST0253,Rohan,Clark,Female,1984-08-18,40,Philadelphia,HNI,2022-04-02,394,277105.06,1
CUST0254,Michael,Thomas,Male,1959-08-16,65,Philadelphia,Retail,2018-01-04,492,406232.3,1
CUST0255,Sophia,Clark,Female,1998-01-03,27,Hyderabad,Retail,2017-05-05,516,469836.69,1
CUST0256,Noah,Taylor,Male,1997-12-19,27,Kolkata,Premium,2017-09-20,629,392246.66,0
CUST0257,Liam,Johnson,Female,1996-10-30,28,Hyderabad,HNI,2020-12-25,825,443749.74,0
CUST0258,Emma,Garcia,Female,1963-11-06,61,San Antonio,Premium,2024-01-02,679,170202.57,1
CUST0259,Vikram,Sharma,Female,1974-11-07,50,New York,SME,2023-04-25,602,93157.48,1
CUST0260,Matthew,Thompson,Male,1975-08-21,49,Ahmedabad,HNI,2019-04-05,563,386413.1,0
CUST0261,Ananya,White,Female,1999-01-05,26,Bangalore,Premium,2020-03-02,800,108342.93,1
CUST0262,Sophia,Singh,Male,1958-01-13,67,Phoenix,Retail,2024-05-29,722,85995.93,1
CUST0263,Vikram,Sharma,Male,1961-02-05,63,New York,SME,2022-12-06,682,49016.06,0
CUST0264,Aarav,Davis,Female,1998-10-08,26,Mumbai,Retail,2015-03-06,842,366652.51,1
CUST0265,Benjamin,Jackson,Female,1956-07-15,68,Phoenix,Premium,2020-08-19,409,460663.45,1
CUST0266,Amanda,Miller,Female,1976-08-14,48,Philadelphia,HNI,2017-02-25,573,401569.44,1
CUST0267,David,Wilson,Male,1988-06-20,36,Houston,Premium,2019-07-22,607,348339.98,1
CUST0268,Michael,Williams,Female,1957-11-04,67,New York,SME,2016-01-18,357,325639.08,1
CUST0269,Sophia,Brown,Female,1962-06-02,62,Los Angeles,Retail,2020-08-09,840,461193.06,1
CUST0270,Lucas,Wilson,Female,1973-12-19,51,Hyderabad,Retail,2022-10-06,376,348525.8,1
CUST0271,Isabella,Martinez,Female,1957-12-14,67,Mumbai,Premium,2017-01-04,447,381082.15,0
CUST0272,Ananya,Wilson,Male,1961-11-26,63,Los Angeles,SME,2018-05-10,639,204246.18,1
CUST0273,Emma,Johnson,Male,1962-01-13,63,Delhi,SME,2020-08-13,537,422563.84,1
CUST0274,James,Sharma,Female,1990-08-04,34,Phoenix,SME,2023-09-04,802,129506.43,0
CUST0275,Olivia,Wilson,Female,1993-09-28,31,Delhi,HNI,2017-01-30,552,362292.1,1
CUST0276,Michael,Jackson,Male,1979-01-15,45,Houston,SME,2016-09-23,624,193136.11,1
CUST0277,David,Johnson,Female,1955-06-20,69,Delhi,Premium,2018-06-16,389,109948.06,0
CUST0278,Sneha,Sharma,Male,2000-12-21,24,Pune,Retail,2019-07-30,632,434584.73,1
CUST0279,Michael,Harris,Male,1981-03-08,43,Houston,Premium,2019-08-22,833,101399.8,0
CUST0280,Arjun,Nair,Female,1970-03-17,54,Ahmedabad,Premium,2016-07-22,364,100259.55,1
CUST0281,Jessica,Martin,Male,1992-10-11,32,Pune,HNI,2018-05-12,552,366031.74,0
CUST0282,Sneha,Mehta,Female,1972-07-17,52,Mumbai,SME,2020-02-19,640,423974.43,0
CUST0283,James,Brown,Male,1984-07-25,40,Hyderabad,HNI,2019-12-09,505,249924.68,1
CUST0284,Divya,White,Female,1990-09-23,34,Los Angeles,Premium,2018-07-31,633,200506.55,0
CUST0285,Isabella,Wilson,Male,1987-09-30,37,Los Angeles,Premium,2016-04-11,327,477442.21,0
CUST0286,Ava,Nair,Male,1973-10-22,51,Philadelphia,SME,2019-12-01,811,86805.98,1
CUST0287,Olivia,Mehta,Female,1976-09-17,48,Phoenix,SME,2017-10-31,375,235552.03,0
CUST0288,Daniel,Clark,Female,1990-12-16,34,New York,Retail,2020-12-28,668,356784.46,1
CUST0289,Meera,Thomas,Female,1964-10-23,60,Bangalore,Retail,2023-08-16,709,484069.34,1
CUST0290,Aarav,Kumar,Female,1993-08-14,31,Chennai,Premium,2016-03-09,756,199577.39,0
CUST0291,Sarah,Sharma,Female,1999-11-25,25,Delhi,HNI,2016-09-09,725,461862.82,1
CUST0292,Emma,Mehta,Female,1965-05-31,59,Hyderabad,HNI,2024-04-28,766,396449.6,0
CUST0293,Sneha,Jones,Female,1986-04-01,38,Pune,Retail,2020-05-04,607,41447.87,1
CUST0294,Liam,Kumar,Male,1957-01-10,68,San Antonio,Premium,2018-11-06,828,103737.55,1
CUST0295,Emily,Jones,Male,1984-09-10,40,Phoenix,SME,2021-04-12,488,109465.72,0
CUST0296,Emma,Taylor,Male,1990-06-28,34,Ahmedabad,SME,2015-04-30,698,22136.02,1
CUST0297,William,Jackson,Male,1973-06-18,51,Los Angeles,Retail,2018-02-14,849,109740.72,1
CUST0298,Sneha,Reddy,Female,1972-09-05,52,New York,HNI,2020-02-18,697,313428.04,1
CUST0299,Sophia,Jones,Male,1986-03-19,38,Philadelphia,HNI,2018-12-12,386,342612.84,1
CUST0300,Divya,Kumar,Male,1965-07-29,59,Pune,Premium,2017-09-04,823,206462.37,1
CUST0301,Ananya,Garcia,Male,1989-06-04,35,New York,Premium,2019-09-29,801,158640.69,1
CUST0302,Amanda,Patel,Female,1983-03-23,41,Mumbai,SME,2020-01-22,439,113661.68,0
CUST0303,Jessica,Brown,Female,2000-05-06,24,Kolkata,SME,2022-04-28,800,100281.67,1
CUST0304,Priya,Reddy,Male,1974-10-14,50,New York,HNI,2018-04-11,472,394755.29,0
CUST0305,Matthew,Kumar,Female,2000-10-29,24,Phoenix,HNI,2016-04-08,342,384801.98,0
CUST0306,Sneha,White,Male,1974-08-10,50,Hyderabad,Retail,2019-10-08,760,146151.31,1
CUST0307,William,Martin,Male,1994-05-23,30,Chennai,HNI,2016-04-25,738,99671.18,1
CUST0308,Karan,Martin,Male,1973-07-15,51,Los Angeles,HNI,2024-02-15,845,154920.81,1
CUST0309,Divya,Nair,Female,1984-01-14,40,Philadelphia,Retail,2022-11-23,438,482130.56,0
CUST0310,Sophia,Anderson,Male,1960-04-26,64,Houston,Premium,2018-02-09,555,90196.85,1
CUST0311,Benjamin,Thomas,Female,1977-03-17,47,Ahmedabad,Premium,2023-07-16,575,321350.15,0
CUST0312,Liam,Martin,Male,1995-07-20,29,Kolkata,HNI,2015-11-06,677,238253.91,0
CUST0313,Aarav,Martinez,Male,1984-05-12,40,Houston,SME,2021-07-11,666,428051.0,0
CUST0314,Benjamin,Gupta,Female,1974-07-17,50,Hyderabad,HNI,2019-10-26,590,182122.47,1
CUST0315,James,Robinson,Male,1998-07-17,26,Mumbai,Retail,2023-11-03,770,27815.05,1
CUST0316,Aarav,Brown,Male,1994-08-04,30,Houston,Premium,2020-02-13,609,96309.18,1
CUST0317,Sarah,Reddy,Male,1963-05-17,61,Pune,Premium,2022-05-05,353,210243.95,1
CUST0318,Liam,Singh,Male,1976-01-03,49,Mumbai,Premium,2019-10-25,788,57410.59,1
CUST0319,Aarav,Jackson,Female,1994-12-05,30,Philadelphia,Retail,2015-02-08,732,353134.88,0
CUST0320,Michael,Singh,Male,1961-05-09,63,Delhi,HNI,2017-07-26,676,442874.72,1
CUST0321,Benjamin,Harris,Male,1989-05-03,35,Chicago,Premium,2023-09-04,370,274643.97,1
CUST0322,Sarah,White,Male,1969-09-21,55,Chicago,Premium,2019-12-08,721,315716.49,0
CUST0323,Lucas,Kumar,Male,1974-06-28,50,Phoenix,Retail,2015-12-22,693,188737.11,0
CUST0324,Vikram,Joshi,Female,1983-03-20,41,Chicago,Retail,2023-11-15,554,285630.38,1
CUST0325,Lucas,Nair,Male,1957-05-28,67,New York,Premium,2022-05-20,701,161860.18,1
CUST0326,Michael,Kumar,Male,1976-06-21,48,Ahmedabad,Retail,2020-07-20,840,446587.77,1
CUST0327,Vikram,Williams,Female,1987-05-25,37,Pune,Premium,2018-07-20,782,478137.43,1
CUST0328,Rohan,Sharma,Female,1956-06-30,68,Chennai,Retail,2021-08-02,361,475366.4,0
CUST0329,Liam,Jackson,Female,2000-06-13,24,Kolkata,SME,2018-03-19,384,327457.9,1
CUST0330,Divya,Singh,Male,1979-11-23,45,Phoenix,Premium,2015-12-09,849,176840.14,1
CUST0331,Emily,White,Male,1982-10-29,42,Mumbai,Premium,2022-11-01,388,463821.32,1
CUST0332,Amanda,Patel,Female,1995-09-04,29,Chicago,Premium,2021-11-12,422,26079.19,1
CUST0333,Jessica,Johnson,Female,1956-01-07,69,Bangalore,HNI,2016-11-02,429,379892.66,1
CUST0334,Lucas,Sharma,Female,1965-08-04,59,Phoenix,SME,2023-08-26,578,271450.02,1
CUST0335,David,Miller,Female,1961-11-30,63,Mumbai,SME,2020-07-25,470,196490.13,1
CUST0336,Olivia,White,Male,1964-03-25,60,Chennai,Retail,2021-06-08,345,432170.72,1
CUST0337,Jessica,Johnson,Female,1976-12-09,48,San Antonio,Premium,2015-07-08,483,466956.84,1
CUST0338,James,Joshi,Female,1992-08-15,32,San Antonio,HNI,2017-07-08,577,416478.56,1
CUST0339,Olivia,Robinson,Male,1965-09-17,59,Bangalore,Premium,2020-08-18,828,491078.65,0
CUST0340,Sophia,Nair,Female,1961-03-08,63,Pune,Retail,2020-03-20,767,23825.2,1
CUST0341,Ava,Nair,Male,1981-02-27,43,Ahmedabad,HNI,2021-04-28,805,498937.82,1
CUST0342,Aarav,Clark,Female,1976-12-28,48,Mumbai,Premium,2016-09-08,654,325252.08,1
CUST0343,William,Thomas,Female,1985-01-20,39,Philadelphia,HNI,2015-01-06,406,118493.3,1
CUST0344,Priya,Mehta,Female,1992-08-30,32,Delhi,Retail,2020-07-08,537,450697.99,0
CUST0345,Emma,Singh,Male,1988-06-01,36,New York,Premium,2020-02-21,703,55918.63,1
CUST0346,Vikram,Joshi,Female,1994-01-09,31,Hyderabad,HNI,2022-06-06,702,356348.29,1
CUST0347,Arjun,Joshi,Male,1983-07-15,41,Chennai,Premium,2020-01-29,411,94597.06,1
CUST0348,James,Brown,Male,1995-05-02,29,New York,HNI,2020-03-23,512,236920.2,0
CUST0349,Rohan,Shah,Female,1978-10-10,46,Philadelphia,Retail,2016-05-06,520,421243.88,1
CUST0350,Noah,Joshi,Female,1968-04-22,56,Kolkata,Retail,2016-01-09,606,144880.06,1
CUST0351,Sophia,Jones,Male,1957-10-15,67,Delhi,SME,2019-07-15,404,405870.44,1
CUST0352,Priya,Thompson,Male,1965-11-23,59,Bangalore,Premium,2015-02-18,710,198675.08,1
CUST0353,Rohan,Sharma,Male,1978-03-22,46,Chennai,SME,2024-02-12,431,64149.75,1
CUST0354,David,Patel,Male,1965-12-28,59,San Antonio,SME,2015-06-24,704,258140.67,0
CUST0355,Sarah,Gupta,Male,1993-04-11,31,Hyderabad,HNI,2016-12-08,756,444043.42,1
CUST0356,Divya,Garcia,Female,1977-01-18,47,San Antonio,SME,2022-04-05,362,62106.34,0
CUST0357,Karan,Anderson,Male,1967-04-24,57,Chicago,Retail,2019-09-14,691,395319.57,1
CUST0358,Ava,Garcia,Female,1998-01-13,26,San Antonio,HNI,2021-02-08,697,149809.13,1
CUST0359,Meera,Sharma,Female,1983-08-10,41,Mumbai,SME,2021-09-11,842,191567.79,1
CUST0360,Meera,Thomas,Male,1969-04-27,55,Hyderabad,Retail,2016-02-15,524,296332.21,0
CUST0361,Sophia,Shah,Male,1986-10-31,38,Chennai,HNI,2024-05-30,667,458710.4,1
CUST0362,Matthew,Mehta,Male,1986-07-20,38,Philadelphia,SME,2021-05-14,616,104267.25,1
CUST0363,Meera,Taylor,Male,1963-02-05,61,Mumbai,SME,2015-08-19,300,179232.32,1
CUST0364,Noah,Shah,Female,1966-09-15,58,Mumbai,Retail,2018-10-27,451,301572.4,1
CUST0365,Sophia,Johnson,Male,1964-12-13,60,Pune,SME,2020-11-25,403,181549.31,1
CUST0366,Emma,Brown,Female,1967-03-30,57,Chicago,HNI,2016-10-07,478,359447.8,1
CUST0367,Matthew,Thompson,Male,1975-01-11,50,Kolkata,HNI,2022-06-19,601,81127.22,1
CUST0368,Matthew,Patel,Male,1990-02-17,34,Los Angeles,HNI,2023-08-24,526,327030.45,1
CUST0369,James,White,Male,1999-07-07,25,Chennai,HNI,2016-07-30,627,100585.96,1
CUST0370,Aarav,Reddy,Male,1985-02-13,39,Chennai,Retail,2020-01-04,658,143195.81,1
CUST0371,Michael,Jones,Female,1955-02-11,69,Bangalore,SME,2015-07-17,804,443249.92,1
CUST0372,Benjamin,Garcia,Male,1988-09-03,36,Bangalore,SME,2016-02-20,375,403613.39,1
CUST0373,James,Reddy,Male,1981-06-16,43,Delhi,HNI,2015-03-24,474,446207.01,1
CUST0374,Lucas,Singh,Female,1961-09-23,63,Los Angeles,SME,2021-02-18,331,227035.2,1
CUST0375,Priya,Kumar,Female,1993-12-14,31,Chennai,Premium,2016-10-05,719,354654.42,1
CUST0376,Meera,Kumar,Male,1980-04-03,44,Kolkata,SME,2018-05-03,457,46162.33,1
CUST0377,Divya,Thompson,Female,1993-05-12,31,Chennai,Retail,2015-12-25,326,119337.43,1
CUST0378,Sophia,Kumar,Female,1962-05-08,62,Phoenix,SME,2020-04-23,782,254766.47,1
CUST0379,Ashley,Williams,Male,1963-03-06,61,Pune,SME,2022-03-14,678,109559.81,1
CUST0380,David,Reddy,Male,1978-08-15,46,Philadelphia,HNI,2019-12-07,363,92542.72,1
CUST0381,Sarah,Martin,Female,1962-09-09,62,Phoenix,Premium,2022-06-29,362,423582.64,0
CUST0382,Lucas,Joshi,Female,1997-08-07,27,Hyderabad,Retail,2021-06-03,704,453333.06,1
CUST0383,Lucas,Miller,Male,2000-01-17,24,Delhi,SME,2021-05-28,477,475549.51,1
CUST0384,Karan,Mehta,Male,1974-01-04,51,Kolkata,Retail,2024-01-25,745,116921.25,1
CUST0385,Isabella,White,Male,1978-02-19,46,Delhi,SME,2018-08-02,706,284986.01,1
CUST0386,Ava,Jackson,Female,1996-02-07,28,Delhi,SME,2015-02-20,453,91135.88,1
CUST0387,William,Kumar,Female,1964-06-23,60,Philadelphia,HNI,2021-04-23,720,146785.58,0
CUST0388,Ananya,Reddy,Female,1997-06-09,27,Bangalore,SME,2015-06-03,339,209980.52,1
CUST0389,Emma,Garcia,Female,1976-04-24,48,San Antonio,HNI,2015-07-21,320,182175.72,1
CUST0390,Benjamin,Garcia,Male,1982-11-24,42,Philadelphia,Premium,2018-02-22,437,164230.61,0
CUST0391,Emma,Brown,Male,1983-10-15,41,Chennai,SME,2018-01-08,516,458447.75,0
CUST0392,Daniel,Martinez,Female,1998-06-18,26,Philadelphia,Retail,2023-07-08,827,399915.39,1
CUST0393,Daniel,Williams,Male,1982-11-29,42,Phoenix,Retail,2022-12-16,477,112526.45,1
CUST0394,Priya,Jones,Male,1960-03-03,64,San Antonio,HNI,2017-10-18,503,151509.2,0
CUST0395,Liam,Clark,Male,2000-04-25,24,Chicago,Retail,2019-06-14,547,198784.05,0
CUST0396,Matthew,Davis,Female,1970-12-07,54,Pune,Premium,2020-04-27,564,379501.34,1
CUST0397,Michael,Patel,Male,1980-07-29,44,Philadelphia,Premium,2015-04-23,526,330742.35,1
CUST0398,Emily,Miller,Male,1979-02-21,45,Philadelphia,Retail,2022-04-22,785,457527.41,1
CUST0399,Arjun,Taylor,Female,1955-10-05,69,Houston,HNI,2017-07-05,733,449831.83,1
CUST0400,Karan,Jones,Female,1996-03-06,28,Chicago,SME,2017-10-29,404,23526.83,1
CUST0401,Olivia,Kumar,Female,1980-05-11,44,Delhi,HNI,2018-05-07,583,327485.48,1
CUST0402,Noah,Robinson,Female,1978-06-06,46,Chennai,Premium,2022-05-11,829,387427.71,1
CUST0403,James,Thomas,Male,1991-04-03,33,Houston,Retail,2022-05-29,809,498785.17,1
CUST0404,Michael,White,Male,1992-07-20,32,Los Angeles,Premium,2019-07-16,651,368743.94,1
CUST0405,Sarah,Miller,Female,1997-09-05,27,Philadelphia,Premium,2022-07-14,485,161016.35,0
CUST0406,Arjun,White,Male,1966-06-24,58,Chicago,HNI,2023-04-23,391,126681.69,1
CUST0407,Ava,Robinson,Female,1982-07-20,42,Pune,HNI,2019-09-19,601,242605.1,1
CUST0408,Sophia,Anderson,Male,1997-03-19,27,Ahmedabad,Premium,2015-08-08,812,77511.65,0
CUST0409,Priya,Martinez,Male,1981-10-07,43,Bangalore,Premium,2019-08-20,650,216412.09,0
CUST0410,Sophia,Jackson,Male,1967-11-07,57,Phoenix,Retail,2018-07-19,799,179662.13,1
CUST0411,Priya,Sharma,Female,1983-02-12,41,Hyderabad,Premium,2022-02-11,472,296613.88,1
CUST0412,William,Harris,Male,1998-12-03,26,Bangalore,SME,2023-10-22,739,213628.87,0
CUST0413,Priya,Davis,Male,1989-05-22,35,Houston,HNI,2015-01-20,314,448163.07,1
CUST0414,Aarav,Anderson,Male,1956-08-10,68,Chennai,HNI,2022-08-03,619,81886.78,0
CUST0415,Divya,Shah,Male,2000-02-27,24,Philadelphia,Retail,2021-08-08,605,475262.42,0
CUST0416,Lucas,Thomas,Male,1985-04-23,39,Pune,SME,2019-11-12,667,380055.48,1
CUST0417,Meera,Joshi,Male,1991-03-11,33,Chennai,Retail,2015-03-20,816,101112.68,1
CUST0418,Lucas,Anderson,Female,1958-05-09,66,Phoenix,Retail,2019-03-17,349,337745.56,1
CUST0419,Sneha,Brown,Female,1959-04-30,65,Kolkata,Retail,2022-09-26,558,247710.24,1
CUST0420,Olivia,Anderson,Male,1973-06-08,51,Hyderabad,SME,2022-10-18,403,337991.82,1
CUST0421,Benjamin,Robinson,Male,1967-04-22,57,New York,Retail,2019-09-12,589,74726.03,1
CUST0422,Amanda,Gupta,Female,1999-08-27,25,Philadelphia,Premium,2017-03-24,666,357649.64,1
CUST0423,Ashley,Garcia,Male,1969-05-22,55,Houston,SME,2015-06-11,638,132562.53,1
CUST0424,Benjamin,Wilson,Female,1962-12-26,62,Bangalore,Retail,2016-03-28,823,56023.14,1
CUST0425,Meera,Jones,Female,1977-12-16,47,Hyderabad,SME,2022-03-24,351,67908.28,1
CUST0426,Sarah,Martin,Female,1958-07-16,66,Kolkata,Retail,2018-04-05,397,428598.03,1
CUST0427,Olivia,Anderson,Male,1955-11-13,69,Pune,HNI,2016-07-20,748,478442.8,1
CUST0428,Benjamin,Smith,Male,1963-05-04,61,Delhi,SME,2019-03-07,709,481908.77,1
CUST0429,Sophia,Garcia,Female,1989-08-09,35,Chicago,Premium,2022-09-26,415,83605.56,1
CUST0430,Emily,Clark,Female,1969-04-20,55,Phoenix,SME,2016-02-29,485,313435.12,1
CUST0431,Lucas,Thompson,Male,1957-08-02,67,Ahmedabad,SME,2022-09-04,415,446045.09,0
CUST0432,Arjun,Anderson,Female,1959-02-15,65,Mumbai,Premium,2015-09-17,646,269167.85,1
CUST0433,Emma,Joshi,Female,1993-10-31,31,Pune,SME,2022-06-03,452,422735.85,1
CUST0434,Isabella,Shah,Female,1956-01-17,69,Philadelphia,SME,2022-03-20,469,55935.32,0
CUST0435,James,Reddy,Male,1983-10-07,41,New York,Premium,2017-09-13,687,213572.96,1
CUST0436,David,Martin,Female,1962-01-27,62,Delhi,SME,2020-02-24,757,171709.53,0
CUST0437,Michael,Brown,Male,1956-08-05,68,New York,Retail,2016-02-25,393,400055.98,1
CUST0438,Karan,Anderson,Female,2000-08-09,24,Pune,HNI,2021-04-22,355,411962.57,0
CUST0439,William,Taylor,Female,1984-10-13,40,Houston,HNI,2021-04-13,763,74731.21,1
CUST0440,Sarah,Thompson,Female,1955-03-13,69,New York,HNI,2018-10-30,408,41973.49,1
CUST0441,Benjamin,Jackson,Female,1999-03-06,25,Delhi,HNI,2016-07-29,500,110020.83,0
CUST0442,Benjamin,Martin,Male,1974-05-05,50,Houston,HNI,2020-02-16,410,383431.68,1
CUST0443,Lucas,Jones,Female,1966-01-20,58,Chicago,Premium,2023-08-29,810,22082.06,1
CUST0444,Matthew,Garcia,Male,1993-10-30,31,Houston,Premium,2024-05-28,431,69705.9,1
CUST0445,Emily,Taylor,Male,2000-03-23,24,Hyderabad,SME,2019-04-25,651,485835.99,0
CUST0446,Emily,Taylor,Female,1966-12-19,58,Philadelphia,HNI,2016-07-19,522,116426.76,1
CUST0447,Vikram,Jackson,Male,1985-12-23,39,New York,HNI,2022-07-17,418,385172.01,0
CUST0448,Emma,Robinson,Female,1992-06-14,32,San Antonio,SME,2022-07-24,313,270910.39,1
CUST0449,Priya,Thomas,Male,1989-03-03,35,Chennai,HNI,2016-08-18,464,492095.55,1
CUST0450,Priya,Jackson,Female,1968-02-20,56,Chennai,Retail,2024-05-31,667,410732.58,1
CUST0451,Liam,Davis,Female,1975-02-15,49,Chennai,HNI,2023-04-29,348,464712.71,0
CUST0452,Olivia,Smith,Male,1992-05-16,32,Mumbai,HNI,2023-11-03,507,317869.61,0
CUST0453,Noah,Jackson,Female,1975-03-27,49,Phoenix,Premium,2022-02-08,498,161205.31,1
CUST0454,Ananya,White,Male,1961-09-06,63,Kolkata,Retail,2017-02-04,738,153973.88,1
CUST0455,Matthew,Martinez,Female,1966-09-02,58,Mumbai,HNI,2016-10-21,777,360650.86,1
CUST0456,Isabella,Smith,Male,1958-08-01,66,Phoenix,HNI,2016-09-21,802,399155.93,1
CUST0457,Noah,Smith,Male,1961-07-16,63,Bangalore,Retail,2023-10-17,817,96497.84,0
CUST0458,Meera,Robinson,Male,1963-04-01,61,Chicago,HNI,2018-12-02,639,193182.96,1
CUST0459,Benjamin,Harris,Male,1997-08-08,27,Delhi,HNI,2021-04-18,756,135366.98,1
CUST0460,Lucas,Smith,Female,1958-07-30,66,San Antonio,Retail,2022-08-27,695,143163.47,1
CUST0461,Benjamin,Harris,Female,1957-03-20,67,New York,SME,2020-10-18,798,41048.8,1
CUST0462,Rohan,Kumar,Male,1983-09-27,41,Phoenix,Retail,2020-10-05,367,121175.11,1
CUST0463,Sneha,Gupta,Female,1993-01-21,31,Chicago,Retail,2024-05-15,457,31401.41,1
CUST0464,Rohan,Patel,Male,1958-05-26,66,Phoenix,HNI,2015-12-25,372,295981.9,1
CUST0465,Michael,Jones,Female,1978-03-16,46,Kolkata,HNI,2019-07-28,317,206960.9,1
CUST0466,Emma,Taylor,Male,1955-07-13,69,Phoenix,Retail,2022-03-12,374,191696.07,1
CUST0467,Olivia,Nair,Male,1981-01-01,44,Hyderabad,SME,2023-10-29,690,209654.36,1
CUST0468,Ashley,Joshi,Male,1997-07-10,27,Houston,SME,2016-10-02,602,480864.45,1
CUST0469,Lucas,Clark,Female,1981-09-27,43,Mumbai,Premium,2022-08-06,426,40051.11,0
CUST0470,Karan,White,Female,1962-08-21,62,Chennai,SME,2018-06-02,824,88378.46,1
CUST0471,Benjamin,Reddy,Male,1974-10-22,50,Delhi,Premium,2021-12-01,355,428666.11,0
CUST0472,Olivia,Singh,Female,1961-07-24,63,Delhi,Premium,2018-04-05,798,476739.16,1
CUST0473,Liam,Joshi,Male,1966-07-03,58,Hyderabad,Retail,2022-07-12,498,172537.25,0
CUST0474,Olivia,Nair,Male,1984-06-16,40,Los Angeles,HNI,2021-11-29,623,480156.28,1
CUST0475,Meera,Martin,Male,1955-06-08,69,Houston,SME,2018-07-06,583,423252.83,1
CUST0476,David,Jones,Female,1984-09-29,40,Phoenix,HNI,2020-05-19,798,284802.48,1
CUST0477,Sophia,Thompson,Male,1962-05-10,62,San Antonio,Premium,2018-02-23,569,372101.42,1
CUST0478,Sophia,Miller,Male,1961-10-06,63,Philadelphia,SME,2015-03-18,517,455025.72,1
CUST0479,William,Mehta,Female,1997-05-09,27,Kolkata,Premium,2022-05-02,597,84263.0,1
CUST0480,Daniel,Sharma,Male,1990-08-06,34,Philadelphia,Premium,2019-01-30,826,87377.93,1
CUST0481,Matthew,Thomas,Male,1971-01-27,53,Houston,SME,2021-05-08,667,39401.52,0
CUST0482,Arjun,Johnson,Male,1975-10-16,49,Mumbai,Premium,2015-09-15,830,455708.52,1
CUST0483,Isabella,Jones,Male,1989-10-26,35,Mumbai,HNI,2020-04-07,405,357793.4,1
CUST0484,Ashley,Wilson,Male,1978-08-16,46,Kolkata,SME,2021-06-28,674,302085.84,1
CUST0485,Isabella,Joshi,Female,1977-07-27,47,Pune,HNI,2019-03-22,798,400475.58,1
CUST0486,David,Shah,Male,2000-01-09,24,Delhi,HNI,2016-07-23,516,92115.4,1
CUST0487,Noah,Thompson,Male,1987-07-01,37,Chicago,Premium,2021-10-01,724,409362.86,1
CUST0488,Jessica,Garcia,Male,1998-03-14,26,Los Angeles,Premium,2022-07-28,720,30774.1,1
CUST0489,Matthew,Shah,Male,1966-06-22,58,Chicago,Retail,2021-06-07,450,46837.76,1
CUST0490,Michael,Taylor,Male,1971-02-25,53,San Antonio,HNI,2020-10-17,387,123964.84,0
CUST0491,Meera,Thompson,Female,1998-03-19,26,Los Angeles,Premium,2016-11-29,486,319141.63,1
CUST0492,Olivia,Smith,Female,1970-01-17,54,Los Angeles,Retail,2023-02-14,535,201541.45,1
CUST0493,Karan,Miller,Female,1964-09-27,60,Philadelphia,Premium,2015-03-09,398,105162.65,1
CUST0494,Sneha,Singh,Female,2000-02-27,24,Chicago,Premium,2023-06-09,301,450545.1,0
CUST0495,Sophia,Patel,Female,1992-09-27,32,Chennai,SME,2019-02-26,690,188248.55,1
CUST0496,Arjun,Garcia,Male,1993-03-04,31,San Antonio,Retail,2016-07-02,590,307180.33,0
CUST0497,Aarav,Jackson,Male,1978-02-16,46,Los Angeles,Retail,2017-02-13,832,23453.15,1
CUST0498,Sarah,Kumar,Male,1983-05-05,41,Kolkata,HNI,2019-08-02,567,430388.92,0
CUST0499,Arjun,Thomas,Female,1987-10-21,37,Phoenix,Premium,2021-11-11,723,285010.38,0
CUST0500,Ashley,Davis,Female,1971-01-13,54,Hyderabad,HNI,2019-02-25,652,391613.35,0
CUST0501,Sneha,White,Male,1967-05-22,57,Ahmedabad,Premium,2022-05-24,402,122939.91,0
CUST0502,Ashley,Taylor,Male,1985-05-12,39,Bangalore,SME,2023-12-25,305,406097.29,1
CUST0503,Emily,Singh,Male,1997-04-25,27,Hyderabad,Premium,2021-09-24,679,58419.07,1
CUST0504,Amanda,Anderson,Female,1989-06-24,35,Houston,Retail,2019-06-30,479,327339.83,0
CUST0505,Sophia,Thomas,Female,1955-12-17,69,Chennai,Retail,2017-04-06,822,267590.54,1
CUST0506,Priya,Johnson,Male,1970-03-16,54,Chicago,Retail,2022-07-23,461,61684.55,1
CUST0507,Olivia,Williams,Female,1990-11-01,34,Los Angeles,Premium,2018-12-17,830,27375.93,1
CUST0508,Divya,White,Female,1963-02-02,61,Pune,HNI,2021-03-01,531,311054.44,1
CUST0509,Matthew,Sharma,Female,1995-10-19,29,Bangalore,SME,2019-07-13,818,71103.18,1
CUST0510,James,Kumar,Female,2000-02-21,24,San Antonio,HNI,2018-04-20,753,483706.62,0
CUST0511,James,Harris,Female,1976-10-28,48,Chicago,SME,2023-06-30,328,251345.68,1
CUST0512,Liam,Martin,Male,1961-01-22,63,Chicago,Premium,2019-04-17,623,217964.47,1
CUST0513,Benjamin,Reddy,Male,1955-11-15,69,Hyderabad,Retail,2022-11-10,708,343375.0,1
CUST0514,Isabella,Shah,Female,1961-10-27,63,Pune,HNI,2021-03-21,523,449271.8,1
CUST0515,Olivia,Clark,Male,1971-05-26,53,Ahmedabad,Premium,2023-05-15,540,373005.95,1
CUST0516,Karan,Thompson,Male,1973-07-20,51,Philadelphia,HNI,2017-07-27,459,393890.47,1
CUST0517,Olivia,Garcia,Male,1962-01-15,63,Phoenix,Retail,2022-07-31,793,198174.34,1
CUST0518,Sophia,Reddy,Female,1999-03-04,25,Bangalore,HNI,2021-06-11,707,126604.54,1
CUST0519,Ava,Brown,Female,1959-11-10,65,New York,Retail,2020-11-23,814,186698.7,1
CUST0520,Noah,Miller,Female,1996-01-07,29,Pune,Retail,2016-05-08,312,343569.47,0
CUST0521,Sarah,Taylor,Female,1964-01-15,61,Bangalore,HNI,2018-08-25,542,149315.95,1
CUST0522,Jessica,Brown,Male,1987-10-30,37,Kolkata,HNI,2017-01-23,673,430076.52,1
CUST0523,Matthew,Mehta,Male,1995-06-09,29,Philadelphia,Retail,2017-01-06,576,405962.04,0
CUST0524,Vikram,Martin,Male,1989-03-03,35,Ahmedabad,Retail,2017-03-14,480,222329.92,1
CUST0525,Jessica,Nair,Female,1983-04-29,41,New York,Retail,2023-10-22,707,67507.9,1
CUST0526,Benjamin,Reddy,Female,1960-05-21,64,Philadelphia,Retail,2017-06-01,760,377404.75,1
CUST0527,Ashley,Davis,Female,1987-05-21,37,Pune,Retail,2019-01-15,721,78193.99,1
CUST0528,Divya,Johnson,Female,1970-08-29,54,Chicago,SME,2023-10-02,757,447023.58,0
CUST0529,Liam,Mehta,Male,1980-09-14,44,Chicago,HNI,2020-03-14,731,323011.24,0
CUST0530,Ananya,Smith,Male,1961-05-26,63,Pune,HNI,2015-11-21,598,361008.07,0
CUST0531,William,Martinez,Female,1979-05-03,45,Houston,SME,2019-12-28,723,100312.69,1
CUST0532,Meera,Thomas,Female,1966-03-21,58,Houston,Retail,2023-02-28,515,100117.02,1
CUST0533,Isabella,Robinson,Female,1963-07-29,61,New York,Retail,2015-09-19,326,390048.18,1
CUST0534,Amanda,Mehta,Male,1964-04-28,60,Chicago,SME,2017-12-11,616,130090.86,1
CUST0535,Vikram,Mehta,Male,1994-10-04,30,Mumbai,Retail,2022-01-10,665,432977.03,1
CUST0536,Sophia,Davis,Female,1997-09-19,27,New York,SME,2020-03-28,438,485380.29,1
CUST0537,Emma,Anderson,Female,1995-12-17,29,New York,HNI,2022-01-28,655,251192.81,1
CUST0538,Divya,Johnson,Female,1963-01-13,62,Hyderabad,Premium,2019-12-15,610,25066.79,1
CUST0539,Jessica,Davis,Male,1985-11-07,39,Houston,SME,2018-03-20,788,163813.05,0
CUST0540,Meera,Martin,Male,1981-04-12,43,New York,HNI,2021-09-11,493,217633.22,0
CUST0541,Ananya,Jackson,Female,1990-06-01,34,Philadelphia,SME,2017-10-20,525,146230.53,0
CUST0542,William,Martin,Female,1976-06-28,48,Hyderabad,HNI,2020-10-17,722,110240.3,1
CUST0543,Divya,Kumar,Female,1971-05-14,53,Los Angeles,SME,2016-07-13,578,356226.85,0
CUST0544,Aarav,Mehta,Male,1971-11-06,53,New York,Retail,2018-08-06,490,486719.65,1
CUST0545,Noah,Jones,Male,1979-02-24,45,Chennai,Retail,2016-05-27,454,27067.93,1
CUST0546,Divya,Martin,Female,1985-09-03,39,Pune,SME,2019-09-18,332,178519.35,1
CUST0547,William,Williams,Male,1960-01-11,65,New York,SME,2017-12-27,485,112252.3,1
CUST0548,Aarav,Kumar,Male,1989-03-26,35,Kolkata,SME,2024-04-15,553,374057.13,1
CUST0549,Emma,Harris,Male,1972-11-13,52,New York,Premium,2020-03-02,784,206779.02,1
CUST0550,Liam,White,Male,1983-12-26,41,Houston,Retail,2016-10-11,559,250990.2,1
CUST0551,Lucas,Patel,Male,1972-10-29,52,Delhi,Premium,2019-01-16,744,175766.47,1
CUST0552,Sneha,Williams,Male,1979-10-09,45,Mumbai,Retail,2021-07-22,786,350435.14,1
CUST0553,Rohan,Joshi,Male,1988-04-26,36,Ahmedabad,Retail,2023-08-24,646,466807.42,1
CUST0554,Liam,Mehta,Male,1960-05-12,64,Bangalore,SME,2018-12-27,538,172034.99,1
CUST0555,Karan,Sharma,Female,1994-05-11,30,Pune,Premium,2023-03-23,556,451358.26,0
CUST0556,Divya,Davis,Female,1994-04-02,30,Chennai,Premium,2021-04-08,656,175366.82,0
CUST0557,Amanda,Clark,Male,1979-09-13,45,Delhi,Premium,2024-04-28,760,161922.88,1
CUST0558,Aarav,Harris,Female,1987-12-08,37,Houston,Premium,2020-02-03,319,317472.61,1
CUST0559,Emma,Singh,Female,1976-06-03,48,Chennai,SME,2018-08-06,457,314258.84,1
CUST0560,James,Kumar,Male,1991-10-07,33,New York,Retail,2022-03-10,344,420892.81,1
CUST0561,Karan,Kumar,Female,1971-01-10,54,Chennai,Retail,2015-05-09,332,294085.85,0
CUST0562,Amanda,Jackson,Female,1998-12-14,26,Mumbai,HNI,2020-11-23,526,310857.74,1
CUST0563,Liam,Garcia,Male,1956-03-04,68,Ahmedabad,Retail,2017-05-04,669,287849.55,0
CUST0564,Noah,Patel,Female,1988-02-10,36,New York,Retail,2023-11-28,372,420539.12,1
CUST0565,Sneha,Kumar,Male,1974-05-15,50,New York,SME,2020-10-28,494,112697.33,1
CUST0566,Emma,Davis,Female,1971-01-19,53,Houston,Retail,2021-04-06,666,343756.43,0
CUST0567,Ava,Shah,Female,1964-05-04,60,New York,HNI,2016-11-14,461,276272.23,0
CUST0568,Ashley,Smith,Female,1986-08-10,38,Kolkata,SME,2018-07-14,631,312038.42,1
CUST0569,Ashley,Clark,Female,1988-08-25,36,Pune,SME,2023-08-03,758,480715.73,1
CUST0570,Amanda,Sharma,Male,1958-02-09,66,San Antonio,HNI,2018-03-11,306,164160.3,1
CUST0571,Aarav,Harris,Female,1974-04-10,50,San Antonio,Premium,2018-07-13,396,38113.42,1
CUST0572,Arjun,Johnson,Male,1969-01-02,56,Chennai,HNI,2016-07-20,607,64114.46,0
CUST0573,Rohan,White,Female,1974-07-04,50,Phoenix,SME,2023-03-27,477,254372.67,1
CUST0574,Emma,Martin,Female,1981-12-13,43,Delhi,Retail,2015-06-03,642,187006.5,0
CUST0575,Sophia,Harris,Male,1992-05-14,32,Houston,Retail,2016-05-08,691,45981.42,1
CUST0576,Matthew,Mehta,Female,1983-08-25,41,New York,Premium,2021-01-20,456,44249.51,0
CUST0577,Amanda,Wilson,Male,1994-12-23,30,Chennai,SME,2023-06-11,596,397456.78,1
CUST0578,Rohan,Garcia,Male,1966-11-10,58,New York,SME,2018-10-08,568,60837.91,0
CUST0579,Vikram,Garcia,Male,1966-09-12,58,Ahmedabad,SME,2023-07-19,500,289360.45,1
CUST0580,Arjun,Harris,Female,1976-09-27,48,Pune,Retail,2015-10-21,415,342438.83,0
CUST0581,Karan,Smith,Female,1987-10-09,37,Los Angeles,Retail,2018-11-27,612,101242.53,1
CUST0582,Vikram,Jones,Male,1994-09-03,30,San Antonio,Premium,2021-12-27,504,348972.43,1
CUST0583,Emma,Patel,Male,1962-09-12,62,Los Angeles,Premium,2016-04-05,594,26591.98,1
CUST0584,Jessica,Sharma,Female,1982-05-17,42,Chennai,Premium,2020-01-18,508,282283.62,1
CUST0585,Emma,Mehta,Male,1998-05-02,26,Kolkata,Retail,2021-12-26,561,101753.43,1
CUST0586,Noah,Taylor,Female,1973-01-02,52,Mumbai,SME,2023-11-07,308,51966.94,1
CUST0587,Aarav,Nair,Female,1987-04-26,37,Chennai,SME,2016-03-17,820,488773.73,1
CUST0588,Sophia,Taylor,Male,1983-04-20,41,Bangalore,Premium,2020-06-08,812,484059.86,1
CUST0589,Isabella,Miller,Female,1958-07-26,66,Pune,SME,2017-10-10,702,377307.55,1
CUST0590,Sarah,Johnson,Female,1986-02-10,38,Chennai,HNI,2022-09-03,363,320380.33,0
CUST0591,Arjun,Joshi,Male,1957-08-23,67,Pune,SME,2021-03-23,440,62141.61,0
CUST0592,Meera,Wilson,Male,1975-05-28,49,Kolkata,HNI,2019-09-06,637,235601.21,1
CUST0593,Vikram,Wilson,Male,1973-07-20,51,Philadelphia,Premium,2022-04-26,616,350495.4,1
CUST0594,Vikram,Anderson,Male,1993-08-01,31,Pune,Retail,2023-08-21,845,475328.75,1
CUST0595,Benjamin,Robinson,Male,1971-07-09,53,Houston,Retail,2018-07-24,626,442463.31,0
CUST0596,David,White,Female,1991-11-23,33,Bangalore,Premium,2018-05-27,409,83142.02,1
CUST0597,Matthew,Taylor,Male,1978-12-10,46,Los Angeles,Premium,2021-10-16,536,349941.38,1
CUST0598,William,Garcia,Male,1962-02-17,62,New York,SME,2022-09-19,682,108308.71,0
CUST0599,Vikram,Shah,Male,1999-02-02,25,Chennai,Retail,2020-04-24,718,386978.65,1
CUST0600,Meera,White,Male,1979-03-18,45,Phoenix,Premium,2019-08-19,367,104997.54,0
CUST0601,James,Martinez,Female,1998-12-15,26,San Antonio,Premium,2022-09-18,737,214336.05,1
CUST0602,James,Williams,Male,1989-02-15,35,New York,Retail,2023-01-28,762,239312.2,1
CUST0603,Ashley,Williams,Male,1977-01-16,47,New York,SME,2020-10-25,828,387276.74,1
CUST0604,David,Williams,Female,1972-01-13,53,Phoenix,HNI,2018-04-07,772,99913.57,1
CUST0605,Daniel,Robinson,Male,1959-11-23,65,Ahmedabad,SME,2022-09-27,392,366870.46,1
CUST0606,Matthew,Robinson,Male,1971-02-16,53,Kolkata,SME,2023-09-25,631,236425.21,1
CUST0607,Lucas,Jackson,Male,1995-09-14,29,San Antonio,SME,2021-08-14,392,140039.5,1
CUST0608,Sneha,Jackson,Female,1966-01-31,58,Chicago,HNI,2016-01-09,387,271432.31,0
CUST0609,Ananya,Williams,Female,2000-11-26,24,Mumbai,Premium,2021-11-12,643,291435.96,1
CUST0610,Ananya,Harris,Male,1969-07-18,55,Kolkata,HNI,2016-08-15,616,370477.64,0
CUST0611,Ananya,Kumar,Male,1980-11-27,44,Chennai,Retail,2022-01-09,559,25859.73,0
CUST0612,Ava,Sharma,Female,1999-09-26,25,Chennai,Premium,2021-02-04,787,237794.47,0
CUST0613,Amanda,Sharma,Male,1962-02-14,62,San Antonio,HNI,2021-09-28,512,43481.02,1
CUST0614,Sarah,Patel,Male,1959-12-10,65,Philadelphia,Retail,2022-04-29,605,178933.32,1
CUST0615,Emily,Shah,Male,1959-05-26,65,Chicago,HNI,2016-03-22,481,483820.77,1
CUST0616,William,Nair,Female,1958-03-20,66,Pune,SME,2016-01-17,369,384052.15,1
CUST0617,Vikram,Kumar,Female,1981-04-09,43,Pune,SME,2020-04-12,837,120725.78,1
CUST0618,Matthew,White,Male,1960-03-21,64,Ahmedabad,HNI,2016-03-23,737,312245.41,1
CUST0619,Matthew,Taylor,Female,1978-04-18,46,San Antonio,Premium,2020-11-22,808,269458.78,0
CUST0620,Ananya,Robinson,Male,1999-03-09,25,Houston,HNI,2024-01-23,498,20758.84,1
CUST0621,Ava,Kumar,Male,1996-09-15,28,Phoenix,SME,2022-01-05,723,41836.25,1
CUST0622,Liam,Gupta,Female,1974-01-18,50,Hyderabad,Retail,2015-02-16,615,164136.32,1
CUST0623,Olivia,Smith,Female,1955-07-20,69,Kolkata,Retail,2016-04-11,479,113127.48,1
CUST0624,Ava,Patel,Male,1997-12-25,27,Ahmedabad,Premium,2020-04-27,771,448188.0,1
CUST0625,Benjamin,Brown,Male,1996-06-28,28,Philadelphia,HNI,2023-10-17,623,286485.06,1
CUST0626,Olivia,Smith,Female,1973-09-07,51,Delhi,Premium,2021-06-23,587,423554.79,1
CUST0627,Ashley,Thompson,Male,1988-08-30,36,Los Angeles,SME,2022-01-10,491,305692.1,1
CUST0628,Priya,Reddy,Female,1983-03-20,41,Delhi,SME,2022-12-17,543,198360.12,1
CUST0629,Divya,Shah,Male,1974-05-23,50,Pune,Retail,2020-11-20,506,458409.85,0
CUST0630,Ava,Garcia,Male,2000-05-24,24,Chennai,HNI,2015-04-13,795,371571.71,1
CUST0631,William,Martinez,Male,1984-05-14,40,Philadelphia,Premium,2016-08-09,510,367793.9,0
CUST0632,Sophia,Miller,Male,1989-10-09,35,Mumbai,HNI,2023-01-02,345,349785.12,1
CUST0633,Lucas,Patel,Male,1984-11-25,40,New York,HNI,2020-03-27,323,297228.72,1
CUST0634,Karan,Gupta,Female,1973-10-29,51,Hyderabad,HNI,2018-08-07,751,342139.54,1
CUST0635,Arjun,Kumar,Male,1968-05-24,56,Los Angeles,Retail,2016-10-07,511,280413.78,1
CUST0636,Noah,Martin,Female,1979-04-26,45,Los Angeles,Premium,2016-08-02,475,54196.58,1
CUST0637,Vikram,Sharma,Female,1994-10-20,30,San Antonio,Retail,2015-07-27,408,204127.83,1
CUST0638,Ananya,Jackson,Female,1993-04-05,31,Los Angeles,HNI,2019-05-25,619,179519.41,1
CUST0639,William,Jones,Male,1962-01-17,63,Delhi,SME,2023-06-23,399,238680.4,0
CUST0640,Meera,Mehta,Female,1997-03-19,27,San Antonio,HNI,2017-08-07,701,108009.47,1
CUST0641,Jessica,Sharma,Male,1984-02-19,40,Ahmedabad,Retail,2020-01-31,659,249753.0,1
CUST0642,Sarah,Taylor,Male,1980-04-28,44,New York,Retail,2023-08-12,715,412425.39,1
CUST0643,Liam,Singh,Female,1984-03-27,40,New York,SME,2021-03-27,710,303457.26,1
CUST0644,Ananya,Garcia,Female,1976-11-11,48,Delhi,HNI,2021-02-22,513,410679.54,0
CUST0645,Ava,Smith,Male,1994-01-21,30,Bangalore,Retail,2021-05-12,798,74874.97,0
CUST0646,Sneha,Thompson,Female,1984-03-10,40,Bangalore,HNI,2021-03-23,715,53411.66,1
CUST0647,Jessica,Anderson,Male,1988-12-29,36,Delhi,Premium,2018-09-03,442,445885.54,1
CUST0648,Vikram,Jones,Female,1968-02-29,56,Kolkata,SME,2022-05-30,500,118717.61,1
CUST0649,Ava,Clark,Female,1981-11-21,43,San Antonio,SME,2021-05-24,652,495338.84,1
CUST0650,Sophia,Mehta,Female,2000-10-16,24,Mumbai,HNI,2019-07-14,354,20404.79,1
CUST0651,Sophia,Sharma,Male,1964-11-03,60,Kolkata,SME,2018-03-01,625,361651.35,0
CUST0652,Ashley,Gupta,Male,1989-03-26,35,Ahmedabad,Premium,2019-11-18,492,286602.36,1
CUST0653,Divya,Martinez,Male,1992-06-06,32,Bangalore,Retail,2016-09-23,373,331226.84,1
CUST0654,Emily,Mehta,Male,1998-08-31,26,Bangalore,SME,2022-05-18,766,448919.59,0
CUST0655,Daniel,Brown,Female,1971-02-17,53,Kolkata,HNI,2020-02-05,531,109179.7,1
CUST0656,Meera,Jackson,Female,1999-09-10,25,Kolkata,HNI,2023-03-13,334,489552.06,0
CUST0657,Matthew,Garcia,Male,1988-01-25,36,Bangalore,HNI,2016-04-08,776,268135.78,1
CUST0658,Liam,White,Male,1976-12-31,48,Chicago,HNI,2020-04-19,354,453720.93,1
CUST0659,Daniel,Robinson,Female,1997-01-23,27,Los Angeles,HNI,2020-02-03,731,189398.98,1
CUST0660,Priya,Jackson,Female,1980-12-11,44,Houston,HNI,2016-11-17,362,322064.03,1
CUST0661,Divya,Martin,Male,1959-08-19,65,Hyderabad,SME,2022-05-12,384,80874.24,1
CUST0662,Vikram,Taylor,Female,1979-12-05,45,Hyderabad,HNI,2017-10-29,314,375886.0,1
CUST0663,David,Johnson,Male,1968-07-23,56,Hyderabad,Premium,2022-05-23,796,106788.41,1
CUST0664,Vikram,Taylor,Male,1985-10-04,39,Philadelphia,SME,2015-12-12,722,389776.54,1
CUST0665,Liam,Shah,Male,1994-06-28,30,Los Angeles,HNI,2023-02-21,355,328285.33,1
CUST0666,David,Williams,Female,1959-09-18,65,Hyderabad,SME,2016-11-17,845,132157.43,0
CUST0667,Vikram,Miller,Female,1997-07-30,27,Mumbai,HNI,2017-12-11,759,203361.97,1
CUST0668,Isabella,Davis,Female,1958-09-06,66,Philadelphia,SME,2016-02-03,579,180784.36,1
CUST0669,Liam,Wilson,Female,1963-10-26,61,Ahmedabad,Premium,2017-11-11,499,269577.11,1
CUST0670,Aarav,Thomas,Male,1983-02-08,41,Philadelphia,Retail,2021-02-21,312,217399.41,1
CUST0671,Meera,White,Female,1995-01-03,30,Hyderabad,Premium,2018-12-10,334,31376.23,1
CUST0672,Olivia,Robinson,Male,1960-02-07,64,Los Angeles,Retail,2021-08-30,422,61465.46,1
CUST0673,William,Robinson,Male,1988-09-23,36,San Antonio,Retail,2022-05-12,488,141601.15,0
CUST0674,David,Clark,Female,1961-10-17,63,Phoenix,SME,2022-03-01,631,143521.57,1
CUST0675,Priya,Williams,Female,1979-11-17,45,Pune,Retail,2023-09-19,564,478690.74,1
CUST0676,Rohan,Garcia,Male,1970-12-18,54,Los Angeles,SME,2019-12-10,482,329831.93,1
CUST0677,William,Brown,Male,1967-11-28,57,Los Angeles,Retail,2021-01-23,752,363392.15,1
CUST0678,Rohan,Wilson,Female,1958-02-16,66,Phoenix,SME,2015-10-26,319,450325.95,1
CUST0679,Olivia,Williams,Female,1955-01-29,69,Bangalore,HNI,2015-06-04,700,295827.32,0
CUST0680,Michael,Martinez,Male,1997-11-23,27,New York,Premium,2019-11-22,303,204523.46,0
CUST0681,Ashley,Clark,Female,1965-11-15,59,Pune,HNI,2021-05-12,710,46493.44,1
CUST0682,Sophia,Smith,Male,1987-10-11,37,Philadelphia,SME,2020-12-29,596,330940.43,1
CUST0683,Olivia,Gupta,Female,1958-07-12,66,Houston,SME,2019-04-23,409,322696.19,1
CUST0684,Lucas,Anderson,Female,1998-08-24,26,Houston,Premium,2015-12-14,443,37135.18,1
CUST0685,Michael,Singh,Female,1976-05-24,48,Ahmedabad,SME,2020-06-26,316,37780.49,1
CUST0686,Emma,Patel,Female,1985-04-19,39,Delhi,Premium,2023-11-01,835,240017.78,1
CUST0687,Priya,White,Male,1975-11-26,49,Ahmedabad,Retail,2015-10-23,782,455445.86,1
CUST0688,Liam,Mehta,Male,1976-10-09,48,Bangalore,Retail,2022-11-12,614,413954.83,1
CUST0689,Ananya,Thompson,Male,1995-12-05,29,Philadelphia,Retail,2021-11-08,416,258628.88,1
CUST0690,Karan,Brown,Female,1960-08-29,64,Phoenix,SME,2024-01-09,632,77985.17,1
CUST0691,Ava,Gupta,Male,1983-11-07,41,Los Angeles,Premium,2024-05-19,643,50346.51,1
CUST0692,Emily,Shah,Female,1967-09-03,57,New York,Premium,2023-06-30,749,136949.41,1
CUST0693,Ava,Martinez,Female,1966-12-19,58,Phoenix,Premium,2016-02-14,316,442220.93,1
CUST0694,Ananya,Clark,Male,1955-07-28,69,Houston,HNI,2015-01-30,726,352881.69,0
CUST0695,Vikram,Anderson,Female,1966-05-21,58,New York,SME,2017-04-24,721,134841.8,1
CUST0696,Ananya,Jackson,Female,1958-05-17,66,Los Angeles,Retail,2021-09-08,608,186969.71,1
CUST0697,Sneha,Miller,Male,1976-02-21,48,Los Angeles,HNI,2017-02-25,819,125252.54,1
CUST0698,Karan,Kumar,Male,1979-10-19,45,Chicago,SME,2015-08-06,809,104635.43,1
CUST0699,Sarah,Nair,Male,1959-11-06,65,Kolkata,HNI,2022-03-26,642,316073.29,0
CUST0700,Emma,Patel,Male,1958-11-20,66,Bangalore,Retail,2016-03-03,796,267153.78,1
CUST0701,David,Wilson,Female,1976-02-10,48,Kolkata,Premium,2023-02-02,633,130430.35,1
CUST0702,Sneha,Joshi,Female,1984-04-04,40,Philadelphia,Premium,2017-07-21,684,447855.27,1
CUST0703,Jessica,Patel,Female,1997-04-03,27,Bangalore,Premium,2021-07-24,765,105469.17,1
CUST0704,Emma,Gupta,Female,1967-03-28,57,Hyderabad,Premium,2020-02-18,643,81061.65,1
CUST0705,Sneha,Martinez,Female,1980-03-04,44,Ahmedabad,SME,2016-07-13,475,384963.0,1
CUST0706,Ananya,Martin,Male,1981-06-24,43,Los Angeles,Premium,2021-10-08,388,217614.15,0
CUST0707,Jessica,Thompson,Female,1974-06-02,50,Hyderabad,Retail,2021-08-20,738,373365.85,1
CUST0708,Emily,Wilson,Male,1977-03-26,47,San Antonio,Premium,2018-09-02,305,220530.49,1
CUST0709,Emma,Harris,Male,1958-08-05,66,Kolkata,SME,2020-04-11,790,408663.93,1
CUST0710,Meera,Singh,Male,1995-08-04,29,Houston,SME,2020-07-21,523,83701.76,1
CUST0711,Rohan,Sharma,Female,1976-06-12,48,Chicago,HNI,2022-04-06,465,357586.15,1
CUST0712,William,Mehta,Female,1995-10-22,29,Bangalore,HNI,2020-03-14,775,357872.99,1
CUST0713,Lucas,Jackson,Female,1961-05-05,63,New York,Retail,2019-04-26,603,224433.08,1
CUST0714,Olivia,Singh,Female,1973-08-01,51,Houston,Retail,2023-11-01,827,473754.67,1
CUST0715,Michael,Johnson,Female,1959-08-17,65,Los Angeles,Retail,2016-03-30,674,195887.84,1
CUST0716,James,Joshi,Male,1973-05-14,51,Chicago,SME,2016-07-20,514,381523.28,1
CUST0717,Lucas,Reddy,Female,1983-10-01,41,Hyderabad,Retail,2018-12-15,364,198950.61,0
CUST0718,Daniel,Thompson,Male,1998-08-15,26,Ahmedabad,HNI,2020-08-15,762,318056.61,1
CUST0719,Rohan,Singh,Female,1971-11-24,53,San Antonio,Premium,2020-02-19,595,479963.12,1
CUST0720,Arjun,Kumar,Male,1964-10-23,60,Ahmedabad,Premium,2016-11-05,509,269930.07,1
CUST0721,Olivia,Davis,Male,1981-04-20,43,Ahmedabad,HNI,2019-09-03,730,233052.82,1
CUST0722,Rohan,Sharma,Male,1981-02-25,43,Philadelphia,HNI,2017-02-13,721,297778.21,1
CUST0723,Olivia,Jackson,Female,1998-08-13,26,Ahmedabad,HNI,2021-08-27,435,451175.32,1
CUST0724,Arjun,Joshi,Female,1970-05-29,54,Pune,HNI,2023-11-07,348,91202.4,1
CUST0725,Amanda,Clark,Male,1995-11-26,29,Houston,HNI,2016-11-12,486,487138.92,1
CUST0726,Sneha,Patel,Female,1969-06-19,55,Los Angeles,Premium,2017-09-01,751,144995.45,1
CUST0727,Noah,Patel,Female,1973-05-28,51,Pune,Premium,2021-04-22,681,235245.97,1
CUST0728,Isabella,Sharma,Female,1982-01-20,42,San Antonio,SME,2016-05-12,448,474938.75,1
CUST0729,Emma,Davis,Female,1968-12-31,56,Chicago,HNI,2015-01-18,785,450069.18,1
CUST0730,Noah,Kumar,Female,1994-08-30,30,San Antonio,Retail,2018-10-19,442,345444.0,1
CUST0731,Michael,Taylor,Male,1982-08-22,42,Ahmedabad,HNI,2015-04-12,394,176655.91,1
CUST0732,Isabella,Harris,Female,1974-12-06,50,Chennai,Retail,2023-10-06,385,278437.9,0
CUST0733,Michael,Gupta,Female,1962-11-03,62,Pune,Retail,2020-09-27,669,210827.84,0
CUST0734,Sarah,Sharma,Female,1988-02-29,36,Pune,HNI,2019-05-01,615,489211.34,1
CUST0735,Lucas,Jones,Female,1974-05-08,50,Phoenix,SME,2023-03-01,595,98619.36,0
CUST0736,Benjamin,Wilson,Male,1992-02-28,32,Bangalore,Premium,2016-07-25,610,247814.3,1
CUST0737,William,Williams,Male,1960-12-06,64,Mumbai,SME,2021-08-16,579,218966.73,0
CUST0738,Ananya,Thompson,Female,1967-04-14,57,Hyderabad,SME,2017-03-27,343,414943.63,1
CUST0739,Ashley,White,Female,1982-04-07,42,Chennai,Retail,2020-07-16,302,93931.51,1
CUST0740,Liam,Thomas,Female,1997-05-24,27,Kolkata,Premium,2016-05-23,803,455260.73,1
CUST0741,William,Reddy,Female,1957-07-21,67,Delhi,HNI,2016-05-03,792,291475.8,1
CUST0742,Benjamin,Kumar,Female,1997-09-15,27,New York,Retail,2022-10-14,565,98166.67,1
CUST0743,David,Robinson,Male,1968-02-10,56,Pune,Premium,2018-08-02,354,150881.77,0
CUST0744,Divya,Nair,Male,1986-12-08,38,New York,Premium,2015-07-19,487,387050.9,1
CUST0745,Benjamin,Martinez,Female,1983-12-11,41,Hyderabad,HNI,2018-07-19,398,276521.76,1
CUST0746,Vikram,Miller,Female,1967-11-23,57,Pune,SME,2015-02-22,721,183350.28,1
CUST0747,Vikram,Miller,Male,1964-03-10,60,Philadelphia,Premium,2017-06-11,838,426113.48,1
CUST0748,Isabella,Singh,Male,1992-06-10,32,Philadelphia,Premium,2020-03-01,317,250168.75,1
CUST0749,Benjamin,Jones,Female,1987-07-12,37,Bangalore,HNI,2016-07-23,329,377340.9,1
CUST0750,Sophia,Jackson,Male,1974-12-13,50,Houston,Premium,2016-06-11,614,80165.21,1
CUST0751,Noah,Harris,Male,1962-01-19,62,Delhi,Retail,2019-10-07,795,383520.34,1
CUST0752,Priya,Martin,Male,1972-08-13,52,Ahmedabad,Retail,2016-03-17,559,40775.12,1
CUST0753,Sneha,Martin,Male,1955-12-03,69,San Antonio,Premium,2023-06-18,504,108695.28,1
CUST0754,Vikram,Martinez,Female,1957-08-16,67,Los Angeles,HNI,2016-01-07,660,97067.52,1
CUST0755,Rohan,Kumar,Male,2000-04-18,24,New York,Premium,2021-05-24,496,482846.62,1
CUST0756,Sneha,Clark,Male,1955-05-22,69,San Antonio,SME,2023-02-19,675,355103.8,1
CUST0757,Sneha,Shah,Female,1994-06-11,30,Kolkata,SME,2022-07-21,519,266840.48,0
CUST0758,James,Kumar,Female,1965-02-14,59,Delhi,Premium,2023-07-16,807,385891.37,1
CUST0759,James,Garcia,Male,1958-08-23,66,Kolkata,HNI,2015-12-03,767,308186.96,1
CUST0760,Ashley,Brown,Female,1994-10-30,30,Philadelphia,SME,2017-07-14,493,431251.4,0
CUST0761,Aarav,Thomas,Female,1987-12-19,37,Chicago,Retail,2017-01-04,705,230268.01,1
CUST0762,Michael,Williams,Male,1965-09-11,59,Houston,Premium,2016-08-10,366,194580.8,1
CUST0763,Amanda,Martinez,Female,1985-05-19,39,Delhi,Premium,2017-03-31,734,368096.24,1
CUST0764,Ava,Martin,Female,1979-06-28,45,Pune,SME,2023-06-25,714,494011.14,1
CUST0765,David,Kumar,Male,1968-03-22,56,Hyderabad,SME,2023-08-12,809,130794.46,1
CUST0766,Emma,Patel,Male,1957-08-31,67,Ahmedabad,Retail,2016-02-12,483,203663.83,1
CUST0767,Amanda,Taylor,Male,1968-09-13,56,Phoenix,Retail,2018-05-25,832,388434.61,0
CUST0768,Olivia,Garcia,Female,1973-02-11,51,New York,HNI,2018-04-17,651,408551.17,1
CUST0769,Lucas,Clark,Male,1957-11-01,67,Kolkata,SME,2019-10-29,622,429379.66,0
CUST0770,Priya,Shah,Female,1996-03-28,28,San Antonio,Premium,2015-05-28,803,226726.94,1
CUST0771,William,Kumar,Female,1989-11-27,35,Chicago,SME,2020-06-19,787,289882.6,1
CUST0772,Michael,Reddy,Female,2000-06-16,24,Los Angeles,SME,2015-08-17,661,387905.97,1
CUST0773,Aarav,Wilson,Male,1983-10-02,41,Bangalore,HNI,2015-09-09,657,408585.65,1
CUST0774,Sneha,Brown,Female,1985-08-13,39,Pune,SME,2019-04-08,659,47095.64,1
CUST0775,Liam,Nair,Male,1977-03-19,47,San Antonio,Retail,2017-08-19,612,74946.22,1
CUST0776,James,Patel,Female,1956-10-07,68,Chicago,SME,2021-01-14,827,452676.73,1
CUST0777,Jessica,Wilson,Male,1956-10-30,68,Pune,SME,2022-10-21,699,174762.26,1
CUST0778,Noah,Thomas,Male,1998-10-24,26,Pune,SME,2016-02-14,814,409499.45,1
CUST0779,Divya,Johnson,Female,1969-12-13,55,Chennai,SME,2021-11-23,377,423382.63,1
CUST0780,Priya,Nair,Female,1980-10-12,44,Phoenix,Premium,2017-12-22,394,364499.28,1
CUST0781,Rohan,Wilson,Female,1985-03-21,39,Kolkata,Premium,2018-01-24,655,401912.84,1
CUST0782,Divya,Brown,Female,2000-04-10,24,Chennai,SME,2024-01-07,711,140607.1,0
CUST0783,Liam,Jackson,Male,1971-03-15,53,Los Angeles,SME,2015-03-18,518,337186.98,0
CUST0784,Ashley,Martin,Female,1979-01-14,45,San Antonio,Retail,2022-02-25,834,116311.05,0
CUST0785,Vikram,White,Female,1968-04-03,56,Philadelphia,SME,2017-09-11,720,172953.53,1
CUST0786,Arjun,Thompson,Female,1973-04-06,51,Chicago,Premium,2019-08-17,562,349690.35,1
CUST0787,Sneha,Mehta,Male,1991-05-31,33,Mumbai,Premium,2017-09-03,617,242796.66,0
CUST0788,Lucas,Patel,Male,1992-11-10,32,Bangalore,HNI,2022-04-03,439,33988.1,1
CUST0789,Sophia,Patel,Female,1970-10-15,54,Phoenix,Retail,2022-03-24,356,432600.32,1
CUST0790,Divya,Martinez,Male,1983-03-01,41,San Antonio,SME,2021-09-30,672,342402.6,1
CUST0791,Emma,Thompson,Male,1990-08-10,34,Chennai,Retail,2024-06-01,812,467809.01,1
CUST0792,Meera,Taylor,Male,1999-07-16,25,Phoenix,HNI,2016-01-05,637,419520.4,0
CUST0793,Karan,Mehta,Male,1976-03-02,48,Bangalore,Premium,2019-09-29,581,230948.2,1
CUST0794,Ashley,Johnson,Male,1960-01-07,65,Pune,SME,2020-07-01,786,347714.45,1
CUST0795,Jessica,Jackson,Female,1968-01-01,57,Philadelphia,HNI,2019-01-26,321,329790.84,1
CUST0796,Isabella,Martin,Male,1959-11-27,65,Hyderabad,SME,2022-09-30,616,326695.55,1
CUST0797,Sophia,Joshi,Female,1965-12-13,59,Kolkata,Retail,2020-12-30,702,465203.55,1
CUST0798,Isabella,Thompson,Male,1981-12-29,43,Hyderabad,Premium,2016-01-05,464,459627.58,1
CUST0799,Priya,Reddy,Male,1991-06-14,33,Philadelphia,SME,2023-11-08,782,373732.14,1
CUST0800,Sneha,Thompson,Male,1992-11-22,32,Houston,HNI,2024-03-13,818,51856.27,0
CUST0801,Noah,Sharma,Male,1984-04-25,40,Chicago,Premium,2020-01-31,754,399689.27,1
CUST0802,Karan,Anderson,Female,1955-04-11,69,Pune,Retail,2019-06-30,413,95754.77,1
CUST0803,James,Jones,Female,1991-10-24,33,Philadelphia,Premium,2023-11-21,566,103269.93,1
CUST0804,Rohan,Brown,Female,1980-04-12,44,Bangalore,SME,2017-03-24,686,473483.43,1
CUST0805,Isabella,Davis,Male,1956-11-10,68,San Antonio,Retail,2015-04-05,773,115167.78,1
CUST0806,Amanda,Brown,Female,1959-06-20,65,Bangalore,Retail,2019-07-01,676,101658.98,1
CUST0807,Daniel,Brown,Female,1956-04-07,68,Philadelphia,SME,2023-01-22,421,127752.3,1
CUST0808,Ava,Reddy,Female,1972-02-04,52,Houston,SME,2024-02-14,691,82495.68,1
CUST0809,Divya,White,Male,1974-05-04,50,Kolkata,Premium,2024-03-29,718,400382.5,1
CUST0810,Meera,Taylor,Female,1981-01-13,43,San Antonio,Premium,2017-12-08,678,299793.48,0
CUST0811,Jessica,Mehta,Female,1962-09-10,62,Houston,SME,2015-02-12,517,362401.26,0
CUST0812,Sneha,Davis,Male,1977-12-27,47,Mumbai,HNI,2015-10-27,540,246047.56,1
CUST0813,Arjun,Miller,Female,1959-01-31,65,Hyderabad,SME,2015-01-22,679,83474.36,1
CUST0814,Ananya,Miller,Female,1971-02-03,53,San Antonio,HNI,2017-12-02,779,83321.38,1
CUST0815,Arjun,Kumar,Female,1993-11-03,31,Mumbai,Premium,2016-08-03,811,438406.19,1
CUST0816,Divya,Robinson,Female,1987-05-08,37,Los Angeles,HNI,2019-10-28,829,170244.95,1
CUST0817,Jessica,Harris,Male,1983-04-23,41,New York,SME,2023-04-07,354,110681.58,1
CUST0818,Priya,Garcia,Female,1975-08-16,49,Bangalore,SME,2017-01-20,746,75691.54,0
CUST0819,Sarah,Jackson,Female,1958-08-29,66,Ahmedabad,SME,2019-12-14,415,426002.41,1
CUST0820,Rohan,Gupta,Female,1966-02-03,58,Bangalore,Premium,2018-12-02,820,414834.44,1
CUST0821,William,Wilson,Male,1955-05-16,69,Kolkata,Retail,2020-11-24,552,388761.64,1
CUST0822,Divya,Thomas,Male,1984-06-26,40,Kolkata,HNI,2015-04-17,408,421749.06,1
CUST0823,David,Thompson,Female,1957-08-04,67,Ahmedabad,HNI,2015-11-29,305,178124.92,1
CUST0824,Emma,White,Male,1995-08-26,29,Chennai,Retail,2018-08-23,589,175122.01,1
CUST0825,Amanda,Williams,Male,1961-05-06,63,Kolkata,HNI,2021-02-19,482,135238.46,0
CUST0826,Sophia,Gupta,Male,1963-01-01,62,Kolkata,SME,2015-03-26,591,330640.64,1
CUST0827,Jessica,Martin,Female,1965-10-26,59,Houston,HNI,2018-05-07,434,192341.24,1
CUST0828,Karan,Garcia,Female,1987-12-19,37,San Antonio,SME,2020-09-30,787,148870.11,0
CUST0829,Emily,Martin,Female,1963-02-04,61,Los Angeles,Premium,2023-06-26,744,322729.4,1
CUST0830,James,Jones,Male,1958-08-18,66,Chicago,Premium,2020-10-03,807,273093.78,1
CUST0831,Emily,Singh,Female,1981-01-29,43,Hyderabad,Premium,2020-04-01,430,348470.69,1
CUST0832,Emily,Nair,Male,1977-04-22,47,New York,Retail,2020-11-12,346,266438.97,0
CUST0833,David,Thomas,Female,1992-01-20,32,Pune,HNI,2016-01-23,383,388950.45,1
CUST0834,Olivia,Jones,Male,1965-03-22,59,Phoenix,Premium,2023-04-22,702,41724.18,0
CUST0835,Matthew,White,Female,1981-09-14,43,Phoenix,SME,2018-07-09,571,183840.5,1
CUST0836,Rohan,White,Female,1973-12-08,51,Philadelphia,Retail,2017-01-28,744,276500.48,1
CUST0837,Aarav,Shah,Female,1990-06-07,34,Ahmedabad,SME,2016-04-22,798,165343.99,1
CUST0838,Divya,Singh,Male,1990-06-09,34,Bangalore,Retail,2024-01-09,495,73718.0,1
CUST0839,Karan,Garcia,Male,1971-11-20,53,Chicago,Premium,2015-04-20,746,424203.06,1
CUST0840,William,Jones,Male,1962-09-22,62,Ahmedabad,SME,2018-05-17,322,75900.23,1
CUST0841,Jessica,Sharma,Female,1994-12-12,30,Los Angeles,Premium,2020-06-09,506,161519.08,0
CUST0842,Aarav,Kumar,Female,1959-07-27,65,Kolkata,SME,2018-09-29,597,37768.26,0
CUST0843,Matthew,White,Female,1998-08-11,26,Chennai,Retail,2020-10-03,840,29129.44,1
CUST0844,Lucas,Anderson,Female,1960-09-12,64,San Antonio,SME,2018-01-02,419,257498.62,1
CUST0845,Emily,Sharma,Male,1995-03-22,29,Hyderabad,Premium,2022-10-28,780,185046.75,1
CUST0846,Matthew,Clark,Female,2000-07-17,24,San Antonio,SME,2017-06-18,434,443923.23,0
CUST0847,Olivia,Anderson,Female,1992-05-25,32,Phoenix,SME,2024-05-05,465,318484.34,1
CUST0848,Jessica,Mehta,Male,1962-09-25,62,Chennai,Premium,2022-06-25,803,68433.79,0
CUST0849,Meera,Gupta,Male,1999-04-18,25,Mumbai,HNI,2018-05-28,567,191381.06,1
CUST0850,Sophia,Robinson,Male,1970-09-04,54,Phoenix,Retail,2024-04-14,645,226697.82,1
CUST0851,Meera,Garcia,Female,1965-10-29,59,Pune,HNI,2021-04-20,347,389645.55,1
CUST0852,Sophia,Miller,Male,1968-07-24,56,Houston,Retail,2022-09-27,748,403513.7,1
CUST0853,Amanda,Taylor,Male,1964-07-01,60,Philadelphia,Retail,2023-10-07,819,70597.32,1
CUST0854,Ananya,White,Female,1973-06-05,51,Houston,SME,2019-01-21,818,259227.68,1
CUST0855,Sarah,Smith,Male,1968-11-03,56,Delhi,Premium,2022-04-04,749,485425.6,1
CUST0856,Ava,Garcia,Female,1977-01-03,48,Hyderabad,Premium,2024-05-12,387,147687.5,0
CUST0857,Olivia,Joshi,Male,1987-05-10,37,Phoenix,SME,2022-01-22,533,86237.28,0
CUST0858,Lucas,Jones,Female,1992-02-02,32,Mumbai,SME,2019-08-04,449,389672.89,1
CUST0859,James,Williams,Male,1962-08-10,62,Kolkata,Retail,2018-10-17,702,384412.34,1
CUST0860,Noah,Martin,Female,1960-03-09,64,Kolkata,SME,2022-01-31,611,366344.5,1
CUST0861,Benjamin,Reddy,Male,1985-11-16,39,Houston,SME,2015-02-02,756,329062.09,0
CUST0862,Ava,Anderson,Female,1985-12-22,39,Phoenix,Premium,2024-02-08,608,60454.84,1
CUST0863,Emma,White,Male,1989-12-27,35,New York,HNI,2023-02-18,518,64553.39,1
CUST0864,Liam,Shah,Male,1985-07-26,39,Mumbai,HNI,2023-06-28,547,419469.91,1
CUST0865,Sneha,White,Male,1992-12-04,32,Philadelphia,HNI,2020-08-31,565,320954.98,1
CUST0866,William,Anderson,Male,1966-02-09,58,Ahmedabad,HNI,2015-07-15,305,237510.64,1
CUST0867,Divya,Nair,Male,1975-12-24,49,Houston,SME,2018-12-05,832,374005.91,1
CUST0868,Matthew,Gupta,Female,1984-05-30,40,Ahmedabad,Retail,2020-10-16,450,361587.4,0
CUST0869,Priya,Brown,Male,1962-05-09,62,Ahmedabad,Premium,2016-01-13,756,57474.89,0
CUST0870,Matthew,Garcia,Female,1990-06-02,34,Ahmedabad,SME,2017-12-16,726,415429.68,1
CUST0871,Jessica,Jackson,Female,2000-05-17,24,Bangalore,Retail,2016-06-04,517,238607.54,1
CUST0872,Sarah,Clark,Male,1969-01-26,55,Los Angeles,SME,2021-04-08,412,78015.89,1
CUST0873,Vikram,Kumar,Female,1958-08-12,66,Hyderabad,HNI,2020-11-11,610,161111.02,1
CUST0874,Ava,Wilson,Female,1967-10-26,57,Mumbai,HNI,2016-08-05,590,123479.1,0
CUST0875,Ashley,Johnson,Male,1955-03-10,69,Philadelphia,Retail,2016-05-16,727,250964.69,1
CUST0876,Ava,Williams,Female,1995-08-02,29,Philadelphia,Premium,2018-10-15,441,262286.65,0
CUST0877,David,Mehta,Female,1995-05-14,29,Delhi,SME,2022-06-25,696,131754.7,0
CUST0878,Priya,Thomas,Female,1985-05-31,39,Houston,HNI,2021-01-24,390,435657.72,1
CUST0879,Liam,Kumar,Male,1982-09-16,42,Chennai,Retail,2021-04-17,834,110910.02,0
CUST0880,Sneha,Thomas,Male,2000-02-04,24,Mumbai,HNI,2015-03-18,510,137737.61,0
CUST0881,Ashley,Taylor,Female,1962-08-05,62,Kolkata,Retail,2024-01-19,803,433747.68,1
CUST0882,Ananya,Brown,Male,1985-07-01,39,Philadelphia,HNI,2019-11-26,691,143445.34,1
CUST0883,Ananya,Nair,Male,1963-11-29,61,Bangalore,HNI,2021-01-28,391,94029.14,0
CUST0884,Amanda,Smith,Male,1970-03-07,54,Mumbai,Retail,2015-08-30,605,207171.06,1
CUST0885,Lucas,Smith,Female,1967-10-13,57,Kolkata,Retail,2019-08-18,353,117228.54,1
CUST0886,William,Miller,Female,1999-03-24,25,Delhi,HNI,2020-09-14,362,172801.49,0
CUST0887,Aarav,Brown,Male,1960-11-14,64,San Antonio,Retail,2020-06-06,575,285956.13,1
CUST0888,Ashley,Anderson,Male,1977-02-05,47,Hyderabad,SME,2023-07-23,756,60276.01,1
CUST0889,Ashley,Shah,Male,1967-10-10,57,New York,SME,2019-03-10,762,40060.2,0
CUST0890,Ananya,Sharma,Male,1980-12-13,44,San Antonio,SME,2022-04-28,579,306976.52,0
CUST0891,Karan,Wilson,Female,1986-07-12,38,Mumbai,Premium,2022-02-02,846,290279.16,1
CUST0892,Noah,Kumar,Male,1963-01-18,61,Houston,HNI,2019-06-08,742,121208.08,1
CUST0893,Arjun,Harris,Female,1985-09-27,39,Hyderabad,Premium,2022-02-14,629,183982.31,0
CUST0894,Isabella,Jackson,Male,1984-06-19,40,Chicago,Retail,2015-03-07,787,22054.04,1
CUST0895,Ashley,Robinson,Female,1970-07-27,54,Phoenix,SME,2019-08-20,383,397906.51,1
CUST0896,Benjamin,Thomas,Female,1957-10-11,67,Chicago,Retail,2024-05-01,661,486578.73,0
CUST0897,Ananya,Thompson,Male,1987-02-11,37,Delhi,SME,2019-05-04,679,469398.97,0
CUST0898,Emma,Sharma,Female,1955-11-03,69,Chicago,HNI,2017-06-26,496,63183.93,1
CUST0899,Jessica,Johnson,Male,1974-11-03,50,Hyderabad,SME,2017-08-17,514,23424.99,0
CUST0900,Matthew,Miller,Female,1964-12-14,60,Bangalore,Premium,2018-02-10,479,51373.1,1
CUST0901,Arjun,Clark,Male,1960-11-01,64,San Antonio,HNI,2016-06-05,496,426880.25,1
CUST0902,Ashley,Robinson,Female,1977-09-09,47,Mumbai,SME,2022-08-20,353,429852.71,1
CUST0903,Arjun,Kumar,Female,1993-10-21,31,Ahmedabad,HNI,2019-07-25,829,384330.42,1
CUST0904,Isabella,Brown,Female,1959-03-19,65,Pune,Retail,2018-02-12,701,113411.91,1
CUST0905,Meera,Jackson,Female,1957-04-11,67,Delhi,Premium,2023-04-09,501,98951.16,1
CUST0906,Liam,Kumar,Male,1960-08-21,64,Ahmedabad,SME,2022-01-08,324,304414.77,1
CUST0907,Sneha,Garcia,Male,1977-06-19,47,Pune,Retail,2017-10-09,641,269444.02,1
CUST0908,Amanda,Taylor,Female,1961-07-17,63,Phoenix,Retail,2023-09-13,757,297888.55,1
CUST0909,Michael,Smith,Male,1960-06-11,64,Phoenix,Premium,2015-05-17,363,461175.58,0
CUST0910,Amanda,Anderson,Female,1959-12-01,65,Delhi,Retail,2018-05-19,357,288443.86,1
CUST0911,Sneha,Taylor,Female,1989-03-22,35,Chennai,Retail,2019-07-04,764,204281.61,0
CUST0912,Liam,Thomas,Male,1964-02-01,60,Ahmedabad,HNI,2018-10-23,497,71843.16,1
CUST0913,Ava,Thompson,Male,1961-01-22,63,San Antonio,Premium,2021-08-25,821,143017.33,0
CUST0914,Amanda,Jones,Male,1998-03-10,26,Chennai,Premium,2023-02-16,345,49035.77,1
CUST0915,Liam,Harris,Female,1994-02-06,30,Hyderabad,Premium,2020-10-02,450,245371.4,1
CUST0916,Aarav,Miller,Male,1981-02-10,43,Mumbai,Premium,2019-02-19,819,413208.22,1
CUST0917,Karan,Gupta,Male,1992-11-12,32,Phoenix,Retail,2018-11-09,649,110890.67,0
CUST0918,Noah,Smith,Female,1996-12-06,28,Los Angeles,HNI,2021-09-22,728,177737.14,1
CUST0919,Isabella,Patel,Female,1995-10-04,29,Chennai,Retail,2023-11-07,528,352745.87,0
CUST0920,Jessica,White,Female,1974-02-14,50,Phoenix,SME,2017-09-06,510,212150.03,1
CUST0921,Rohan,Johnson,Male,1987-07-20,37,New York,Retail,2015-02-10,445,159476.58,1
CUST0922,Aarav,Gupta,Male,1987-04-16,37,Hyderabad,Premium,2015-06-29,524,444983.47,1
CUST0923,Meera,Shah,Male,1985-06-27,39,Mumbai,Premium,2021-03-21,568,457111.5,1
CUST0924,Liam,Martin,Male,1967-04-25,57,Pune,Premium,2019-04-02,612,238977.77,1
CUST0925,Ananya,Miller,Female,1988-05-28,36,San Antonio,Retail,2022-05-31,421,89327.48,1
CUST0926,Ashley,Williams,Female,1972-01-06,53,Pune,SME,2017-02-24,550,462086.53,1
CUST0927,Vikram,Smith,Male,1981-05-23,43,Mumbai,HNI,2023-11-09,429,428721.27,0
CUST0928,Rohan,Martin,Female,1973-10-09,51,Phoenix,Retail,2023-02-27,471,264134.63,1
CUST0929,David,Shah,Female,1999-09-24,25,Houston,HNI,2020-10-26,838,353364.64,0
CUST0930,Matthew,Williams,Male,1997-07-03,27,Chennai,Premium,2018-01-04,507,236998.43,1
CUST0931,Divya,Brown,Female,1990-07-08,34,Los Angeles,Premium,2017-06-14,683,142174.04,1
CUST0932,Rohan,Nair,Female,1967-01-19,57,New York,HNI,2023-06-06,535,300301.87,0
CUST0933,James,Brown,Female,2000-12-15,24,Ahmedabad,SME,2021-12-19,718,196405.73,0
CUST0934,Michael,Sharma,Male,1983-06-11,41,Ahmedabad,Premium,2018-01-23,571,329770.33,1
CUST0935,Benjamin,Miller,Male,1962-05-24,62,Phoenix,HNI,2018-04-21,533,67236.37,1
CUST0936,Ashley,Gupta,Female,1987-04-27,37,Chennai,HNI,2015-06-06,556,165303.48,1
CUST0937,Amanda,Mehta,Female,1972-02-07,52,Mumbai,HNI,2022-11-30,588,414708.25,0
CUST0938,Matthew,Harris,Male,1991-05-27,33,Ahmedabad,Premium,2024-03-20,707,129237.68,1
CUST0939,Daniel,Wilson,Female,1997-07-25,27,Houston,SME,2017-08-15,648,400119.15,1
CUST0940,William,Jackson,Female,1971-11-08,53,Chennai,SME,2019-10-23,760,429413.18,1
CUST0941,Matthew,Martinez,Male,1988-08-13,36,Hyderabad,Retail,2016-07-23,811,408992.66,1
CUST0942,Emily,Brown,Female,1985-06-27,39,Phoenix,HNI,2017-07-12,633,301738.44,1
CUST0943,James,Wilson,Female,1967-06-26,57,Kolkata,Premium,2016-09-21,700,50580.44,0
CUST0944,Sneha,Smith,Female,1971-11-24,53,Chicago,HNI,2020-04-28,395,102283.36,1
CUST0945,Noah,Taylor,Female,1957-11-16,67,Mumbai,Premium,2024-04-08,503,53355.7,0
CUST0946,Meera,Nair,Male,1980-06-18,44,Ahmedabad,Retail,2017-04-23,677,268895.21,1
CUST0947,Michael,Shah,Male,1984-04-25,40,Bangalore,SME,2019-08-10,789,376708.52,0
CUST0948,Sophia,Gupta,Female,1973-07-10,51,Kolkata,SME,2016-06-16,462,309780.54,1
CUST0949,Noah,Thomas,Female,1973-03-18,51,Hyderabad,Premium,2020-08-20,307,495720.85,0
CUST0950,Michael,Taylor,Male,1960-09-27,64,New York,HNI,2024-03-31,802,240898.19,1
CUST0951,Liam,Robinson,Female,1963-03-05,61,Pune,HNI,2018-03-25,700,314253.21,1
CUST0952,Ananya,Robinson,Female,1992-03-27,32,Ahmedabad,SME,2017-10-17,487,355290.58,1
CUST0953,Priya,Joshi,Male,1990-04-22,34,Hyderabad,HNI,2022-11-01,368,355061.12,1
CUST0954,William,Davis,Male,1999-04-10,25,Pune,Retail,2019-08-12,407,262109.52,1
CUST0955,Ananya,Reddy,Male,1991-10-17,33,New York,Retail,2020-01-22,773,32824.58,0
CUST0956,Emma,Williams,Male,1989-03-12,35,Kolkata,Retail,2018-11-08,310,140290.75,1
CUST0957,Emma,Jones,Female,1984-05-06,40,Ahmedabad,Retail,2022-07-08,384,283245.7,1
CUST0958,Jessica,Thompson,Female,1994-04-09,30,Philadelphia,Premium,2016-07-28,474,422478.01,1
CUST0959,Sneha,Davis,Female,1970-11-25,54,Bangalore,Retail,2018-04-19,311,345143.91,1
CUST0960,Ananya,Gupta,Male,1994-07-14,30,San Antonio,Premium,2019-01-06,752,354436.33,1
CUST0961,Divya,Jones,Male,1990-01-16,34,Los Angeles,Retail,2022-09-28,349,390756.65,1
CUST0962,Isabella,Joshi,Male,1977-05-27,47,Delhi,Retail,2019-03-15,731,33413.2,1
CUST0963,Karan,Thomas,Male,1985-03-30,39,Chennai,Retail,2024-03-14,471,367525.52,1
CUST0964,Sneha,Thompson,Female,1992-04-17,32,Pune,Premium,2020-09-30,512,468477.14,0
CUST0965,Meera,Gupta,Male,1993-05-21,31,Pune,HNI,2016-05-09,477,27197.39,1
CUST0966,Karan,Jones,Male,1956-01-28,68,Delhi,HNI,2019-05-14,677,41090.69,1
CUST0967,William,Taylor,Female,1991-11-18,33,Delhi,Premium,2018-05-20,557,480336.66,1
CUST0968,Isabella,Harris,Male,1989-11-10,35,Pune,Premium,2022-08-08,625,489450.33,0
CUST0969,Aarav,Taylor,Female,1961-01-21,63,Kolkata,Premium,2018-10-04,815,301984.9,1
CUST0970,Amanda,Harris,Male,1975-11-14,49,Hyderabad,Premium,2015-03-28,738,383477.96,1
CUST0971,Sarah,Garcia,Female,1960-05-17,64,Chennai,Premium,2016-07-17,684,118104.96,1
CUST0972,Amanda,Jones,Female,1976-05-10,48,Bangalore,HNI,2023-02-18,625,328928.99,1
CUST0973,Benjamin,Nair,Male,1992-03-22,32,Chennai,HNI,2022-04-08,650,136279.51,1
CUST0974,Olivia,Jackson,Male,1977-04-12,47,Los Angeles,SME,2023-12-27,833,174385.76,0
CUST0975,Sophia,Garcia,Male,1955-07-18,69,Chennai,Retail,2015-09-22,444,470371.77,1
CUST0976,Matthew,Davis,Male,1963-03-26,61,Chennai,Retail,2016-12-12,736,367994.77,1
CUST0977,Karan,Joshi,Female,1969-09-23,55,Bangalore,Premium,2023-02-03,610,156969.39,0
CUST0978,Sophia,Martin,Female,1973-01-25,51,Delhi,HNI,2018-01-18,707,201304.39,0
CUST0979,Daniel,Taylor,Female,1994-08-07,30,Phoenix,Premium,2019-09-28,793,29509.32,0
CUST0980,William,Clark,Female,1993-05-05,31,Los Angeles,Premium,2015-12-07,479,143500.03,0
CUST0981,Divya,Williams,Female,1982-06-10,42,Delhi,HNI,2020-02-01,439,363134.42,1
CUST0982,Aarav,Sharma,Female,1968-11-18,56,Ahmedabad,SME,2017-02-15,725,471336.79,1
CUST0983,Divya,Anderson,Male,1989-06-15,35,Kolkata,Retail,2020-06-28,427,204716.49,1
CUST0984,Emily,Reddy,Female,1972-06-04,52,New York,SME,2023-07-23,677,354298.6,0
CUST0985,Meera,Joshi,Female,1993-01-15,31,Mumbai,HNI,2023-04-02,328,354786.28,1
CUST0986,David,Thomas,Male,1978-06-12,46,Hyderabad,Premium,2021-10-15,465,25921.95,1
CUST0987,Noah,Wilson,Male,1989-06-25,35,New York,Premium,2019-06-17,733,99595.33,0
CUST0988,Divya,Miller,Female,1977-09-08,47,Los Angeles,HNI,2022-10-04,721,381181.88,1
CUST0989,Matthew,Harris,Female,1964-10-20,60,Philadelphia,Premium,2022-02-18,575,379390.43,0
CUST0990,Ananya,Thompson,Female,1982-08-22,42,Mumbai,Retail,2015-01-27,371,391396.94,0
CUST0991,Divya,White,Female,1992-05-25,32,Bangalore,Premium,2022-05-04,683,109472.02,1
CUST0992,Ananya,Miller,Male,1972-10-06,52,Ahmedabad,Premium,2020-06-15,490,116451.61,1
CUST0993,Lucas,Martinez,Female,1972-03-19,52,Ahmedabad,Retail,2017-11-28,470,58308.7,1
CUST0994,Arjun,Singh,Female,1988-11-20,36,Mumbai,Premium,2016-05-25,789,252893.29,1
CUST0995,Arjun,Harris,Male,1955-11-08,69,Chicago,Retail,2015-09-08,399,121312.81,1
CUST0996,Daniel,Harris,Female,1988-09-13,36,San Antonio,SME,2021-10-05,784,383317.59,0
CUST0997,Olivia,Robinson,Female,1985-03-12,39,Pune,Premium,2019-02-27,669,339237.58,0
CUST0998,Sophia,Smith,Male,1960-02-19,64,Mumbai,SME,2018-12-29,711,368105.69,1
CUST0999,Sneha,Martinez,Female,1957-04-21,67,Houston,Premium,2021-10-01,677,236920.68,0
CUST1000,Karan,Sharma,Female,1992-01-24,32,Mumbai,HNI,2022-05-28,346,485406.84,1
